1640995200000,1.6593,1.7709,1.6301,1.7416,79006972.2,1641081599999,134317082.43371,354627,38946329.8,66208512.61754,0
1641081600000,1.7416,1.7850,1.6589,1.6721,86533278.7,1641167999999,146933935.36579,349405,41246901.0,70082814.04461,0
1641168000000,1.6724,1.8355,1.6251,1.7957,173994027.1,1641254399999,304369402.19437,673006,84250269.2,147584719.97336,0
1641254400000,1.7957,1.8467,1.6568,1.6719,163266885.3,1641340799999,285735318.16051,646071,79383425.9,139085316.67610,0
1641340800000,1.6722,1.8040,1.4431,1.5542,167579181.3,1641427199999,282468485.66527,693123,78749994.5,132881615.24993,0
1641427200000,1.5542,1.6043,1.4822,1.5626,114352141.0,1641513599999,176380235.49151,448608,56515328.9,87186037.46215,0
1641513600000,1.5626,1.5696,1.3910,1.4457,123837037.9,1641599999999,179926521.01309,512266,60167787.0,87438780.37459,0
1641600000000,1.4458,1.4696,1.3140,1.3846,83009373.1,1641686399999,116140525.80660,345318,39660362.9,55485737.61850,0
1641686400000,1.3842,1.4406,1.3673,1.4005,54273777.0,1641772799999,76300252.56732,248842,26699157.1,37538579.69404,0
1641772800000,1.4004,1.4496,1.2976,1.3619,121248671.8,1641859199999,166941240.63172,498109,58508370.1,80617346.37276,0
1641859200000,1.3620,1.4541,1.3481,1.4460,106017747.6,1641945599999,149051242.57812,394131,50359741.3,70820550.12673,0
1641945600000,1.4460,1.5047,1.4371,1.4990,100557671.9,1642031999999,148490778.40458,361311,48284424.5,71298182.48891,0
1642032000000,1.4989,1.5016,1.3410,1.3605,133906779.8,1642118399999,189908419.02907,488149,60970041.1,86436209.35824,0
1642118400000,1.3603,1.4114,1.3202,1.3811,102432324.4,1642204799999,140588329.22592,378615,48237756.2,66228190.88652,0
1642204800000,1.3812,1.4152,1.3567,1.3776,61060208.4,1642291199999,84689118.02154,228970,28356591.6,39329300.25049,0
1642291200000,1.3776,1.4487,1.3652,1.4290,75682448.4,1642377599999,106482608.93602,273775,35790153.2,50365061.78258,0
1642377600000,1.4286,1.4434,1.3362,1.3414,97889302.6,1642463999999,135442956.16522,364787,45664541.5,63183507.59593,0
1642464000000,1.3413,1.3614,1.2766,1.3164,86968224.6,1642550399999,114452505.79803,306323,40558758.9,53383691.61901,0
1642550400000,1.3163,1.3217,1.2243,1.2643,86065727.4,1642636799999,109910345.85211,304441,40149636.7,51286946.97524,0
1642636800000,1.2642,1.3266,1.1524,1.1601,99920962.6,1642723199999,125760947.50385,347846,46458117.0,58562857.00426,0
1642723200000,1.1600,1.1957,0.9978,1.0298,192623516.4,1642809599999,214036789.32042,666536,92504793.1,102923461.47633,0
1642809600000,1.0298,1.0611,0.7948,0.9500,238847998.0,1642895999999,218362902.80338,750302,116793044.5,106733498.46598,0
1642896000000,0.9502,1.0045,0.9240,0.9881,127222147.8,1642982399999,122892187.03378,378233,63133593.9,60985688.95715,0
1642982400000,0.9882,0.9885,0.8163,0.9121,146600986.9,1643068799999,129854159.43977,479513,75006344.8,66426446.56580,0
1643068800000,0.9120,0.9492,0.8671,0.9217,123500863.9,1643155199999,111392694.73305,359164,61369545.8,55346745.83931,0
1643155200000,0.9216,0.9961,0.8914,0.9223,126585602.5,1643241599999,119562092.22544,393197,63257750.3,59755974.72949,0
1643241600000,0.9222,0.9564,0.8758,0.9356,108067994.6,1643327999999,98770503.79254,370101,53153360.6,48575350.98898,0
1643328000000,0.9356,0.9849,0.9194,0.9576,124561293.6,1643414399999,118173555.09357,389066,62309008.9,59108946.55146,0
1643414400000,0.9576,1.0068,0.9536,0.9685,90886667.3,1643500799999,89044329.22947,303801,44435857.4,43528184.46607,0
1643500800000,0.9681,0.9892,0.9274,0.9436,74698772.8,1643587199999,71424141.18150,232701,37224595.1,35595172.43528,0
1643587200000,0.9437,0.9709,0.9017,0.9493,84641477.0,1643673599999,79348873.79170,249518,42290727.3,39645394.18350,0
1643673600000,0.9493,0.9915,0.9456,0.9660,76861973.6,1643759999999,74500070.36758,256961,37270199.8,36130122.70396,0
1643760000000,0.9659,1.0295,0.9204,0.9224,161928797.5,1643846399999,159482033.50051,441294,78391346.0,77180947.26204,0
1643846400000,0.9226,0.9400,0.8997,0.9351,106077317.6,1643932799999,97664075.14207,296806,51307462.1,47248332.85561,0
1643932800000,0.9349,0.9998,0.9255,0.9976,101215564.9,1644019199999,96762867.17541,271295,50095049.2,47901712.84856,0
1644019200000,0.9976,1.0444,0.9801,1.0007,86684932.2,1644105599999,87705396.33358,253393,41122563.3,41611807.34348,0
1644105600000,1.0008,1.0311,0.9692,1.0250,67733888.8,1644191999999,68025373.81875,212116,32483133.9,32637264.18533,0
1644192000000,1.0248,1.0981,0.9978,1.0700,144410759.6,1644278399999,153006106.16088,392842,69518022.8,73664425.45272,0
1644278400000,1.0705,1.1019,0.9861,1.0229,135117466.9,1644364799999,139892483.38547,368603,64475595.0,66776017.35796,0
1644364800000,1.0227,1.0457,0.9956,1.0360,89158045.1,1644451199999,91560929.72002,255211,42158736.2,43311110.82570,0
1644451200000,1.0359,1.0497,0.9722,0.9804,137490860.6,1644537599999,139245577.52735,382875,64170369.2,64991647.42672,0
1644537600000,0.9805,0.9957,0.8951,0.9153,104707107.9,1644623999999,100507560.21201,296885,49246021.1,47287813.24933,0
1644624000000,0.9154,0.9398,0.8877,0.9178,66157527.9,1644710399999,60716196.28005,211899,32006842.3,29386888.96133,0
1644710400000,0.9179,0.9338,0.8812,0.8957,62755067.8,1644796799999,57359886.58961,189501,30366833.9,27762719.25134,0
1644796800000,0.8954,0.9098,0.8700,0.8989,76855276.3,1644883199999,68425989.70456,217077,35751033.4,31821037.00246,0
1644883200000,0.8989,0.9748,0.8978,0.9693,88621405.8,1644969599999,83187858.45760,251447,41837610.2,39286797.10430,0
1644969600000,0.9691,1.0072,0.9518,0.9775,162225138.9,1645055999999,159122796.83530,362609,77881737.8,76439611.85107,0
1645056000000,0.9772,0.9883,0.8857,0.8969,107221164.8,1645142399999,100511285.07151,293500,50641907.0,47495241.27441,0
1645142400000,0.8972,0.9258,0.8722,0.8933,72031264.1,1645228799999,64760893.83198,191566,35476177.8,31893691.97597,0
1645228800000,0.8933,0.9170,0.8695,0.8987,58687142.5,1645315199999,52468089.72292,165508,28426089.7,25418435.14562,0
1645315200000,0.8986,0.9000,0.8309,0.8446,64108751.6,1645401599999,54824848.94367,173976,30895372.4,26417686.52373,0
1645401600000,0.8446,0.8783,0.7782,0.7839,119998269.6,1645487999999,100875002.08090,282211,58391698.5,49096618.53189,0
1645488000000,0.7838,0.8201,0.7576,0.8100,110054661.7,1645574399999,87037011.91916,251348,54156666.8,42823537.80331,0
1645574400000,0.8100,0.8504,0.7808,0.7842,104680566.7,1645660799999,85557156.86258,250676,50927953.7,41619130.98982,0
1645660800000,0.7844,0.7963,0.6875,0.7766,183897027.7,1645747199999,135814338.75327,436838,92190430.3,68084540.67031,0
1645747200000,0.7764,0.8404,0.7673,0.8291,105572789.7,1645833599999,83965953.72836,262989,52015362.9,41368901.76920,0
1645833600000,0.8293,0.8814,0.8169,0.8589,93867334.7,1645919999999,79475085.17270,242022,48530545.9,41105188.67350,0
1645920000000,0.8590,0.8628,0.7801,0.7973,105203360.4,1646006399999,86413678.91984,254971,50641979.5,41589207.89882,0
1646006400000,0.7975,0.8690,0.7835,0.8671,115040066.0,1646092799999,95351341.04998,295903,56446193.5,46764104.23565,0
1646092800000,0.8671,0.8947,0.8352,0.8557,148776528.7,1646179199999,128233554.60084,348741,70119554.7,60445648.54359,0
1646179200000,0.8558,0.8597,0.8071,0.8190,116991309.6,1646265599999,97103681.20471,298893,54642520.2,45370192.86093,0
1646265600000,0.8190,0.8504,0.7864,0.7957,145144367.6,1646351999999,119197245.58444,349438,70926625.1,58295021.45908,0
1646352000000,0.7957,0.8100,0.7512,0.7597,118342991.6,1646438399999,92640797.69412,275825,57839265.1,45265414.28087,0
1646438400000,0.7596,0.7771,0.7408,0.7731,65589229.4,1646524799999,50019004.86739,179366,33666556.5,25680241.92232,0
1646524800000,0.7730,0.7815,0.7423,0.7457,90725112.4,1646611199999,69317470.69967,207067,43208205.9,33015236.81024,0
1646611200000,0.7457,0.7726,0.7190,0.7272,116334441.0,1646697599999,86644193.24868,269295,57091853.6,42519882.97996,0
1646697600000,0.7272,0.7593,0.7240,0.7394,90679996.5,1646783999999,67081828.46634,226056,44908340.8,33215702.13928,0
1646784000000,0.7395,0.7797,0.7383,0.7665,81228461.0,1646870399999,62045830.35768,195422,39210948.4,29952149.94175,0
1646870400000,0.7666,0.7810,0.7217,0.7304,94630634.1,1646956799999,69890728.96990,216332,45489224.0,33598977.03251,0
1646956800000,0.7304,0.7316,0.6981,0.7011,86769856.7,1647043199999,61864837.32581,211219,40357258.0,28777293.71830,0
1647043200000,0.7011,0.7241,0.7004,0.7041,46520161.1,1647129599999,33093417.11288,132199,22299810.7,15864913.42627,0
1647129600000,0.7041,0.7164,0.6725,0.6805,63419129.1,1647215999999,44356173.96039,161580,28519603.3,19957323.60117,0
1647216000000,0.6803,0.7134,0.6724,0.7056,108091437.6,1647302399999,74963747.61734,241612,51683096.1,35846986.16670,0
1647302400000,0.7056,0.7270,0.6775,0.7156,107554143.8,1647388799999,75396789.96821,234303,51539131.0,36151811.38425,0
1647388800000,0.7156,0.7388,0.6956,0.7365,109697864.8,1647475199999,78522750.06668,243129,52386428.8,37498124.45545,0
1647475200000,0.7366,0.7609,0.7201,0.7415,105928620.3,1647561599999,78394029.97005,258043,51481837.4,38113949.68463,0
1647561600000,0.7415,0.7632,0.7252,0.7548,99378604.5,1647647999999,74034167.90075,237705,46247135.7,34453236.90246,0
1647648000000,0.7549,0.7805,0.7510,0.7646,89924438.4,1647734399999,68920790.62098,215298,43008575.3,32963200.20472,0
1647734400000,0.7647,0.7773,0.7333,0.7412,80267902.2,1647820799999,60439029.43593,187387,36994699.1,27875837.21191,0
1647820800000,0.7413,0.8286,0.7292,0.8268,263893992.7,1647907199999,209968181.95448,522590,130622342.6,104012139.11465,0
1647907200000,0.8271,0.8518,0.8027,0.8266,200411676.8,1647993599999,165551885.25630,371302,96416676.5,79679845.08905,0
1647993600000,0.8266,0.8391,0.8038,0.8386,93659112.7,1648079999999,77011404.78910,231136,44380595.2,36498533.17660,0
1648080000000,0.8386,0.9080,0.8206,0.8906,173835772.3,1648166399999,150704154.17265,379804,82689337.7,71698203.48134,0
1648166400000,0.8904,0.9495,0.8813,0.8886,248562193.9,1648252799999,226997520.13546,507468,120550907.7,110133139.84463,0
1648252800000,0.8887,0.9200,0.8729,0.9112,97817056.7,1648339199999,88117490.85737,232214,47317458.5,42629510.03611,0
1648339200000,0.9112,0.9501,0.8945,0.9491,90184008.8,1648425599999,83308487.06286,258630,43545052.3,40247045.43979,0
1648425600000,0.9489,0.9740,0.8907,0.9066,139581963.2,1648511999999,132637552.75409,322564,64664422.4,61488156.06364,0
1648512000000,0.9065,0.9645,0.8972,0.9228,149061077.1,1648598399999,138845260.17471,335356,70730800.8,65862436.01544,0
1648598400000,0.9226,0.9560,0.8804,0.9267,139580586.6,1648684799999,129785901.71267,324294,65442136.2,60858504.81896,0
1648684800000,0.9270,0.9893,0.9086,0.9295,191043124.4,1648771199999,181325418.68720,427064,89354110.2,84793111.23922,0
1648771200000,0.9297,0.9626,0.8880,0.9394,128915322.3,1648857599999,119900026.71485,318751,60647757.9,56432656.00032,0
1648857600000,0.9399,0.9776,0.8970,0.9067,138983747.2,1648943999999,132124307.72794,330160,64041428.1,60970528.48035,0
1648944000000,0.9067,0.9481,0.8875,0.9359,109371756.2,1649030399999,100947632.34930,313280,50619947.1,46731564.69628,0
1649030400000,0.9359,0.9374,0.8486,0.8822,166684548.6,1649116799999,149679599.56193,401221,76833702.8,69026009.48005,0
1649116800000,0.8825,0.9009,0.8300,0.8348,140060187.9,1649203199999,121630545.79592,366828,64159572.7,55741134.90174,0
1649203200000,0.8349,0.8376,0.7639,0.7655,185319461.5,1649289599999,148320550.02472,489483,86010140.9,68858971.21529,0
1649289600000,0.7654,0.8077,0.7500,0.7984,119517487.4,1649375999999,94009900.46714,352437,56773656.4,44669903.35975,0
1649376000000,0.7983,0.8094,0.7506,0.7582,96413987.6,1649462399999,75833094.25215,286519,45592401.2,35881037.13893,0
1649462400000,0.7580,0.7896,0.7567,0.7875,61688929.2,1649548799999,47819986.80056,194687,30730773.7,23826610.89523,0
1649548800000,0.7876,0.7897,0.7460,0.7499,59216730.1,1649635199999,45856813.28809,186785,27172627.9,21052635.60026,0
1649635200000,0.7499,0.7604,0.6804,0.6930,135674507.4,1649721599999,97626241.75145,349460,64192708.5,46197365.29156,0
1649721600000,0.6932,0.7440,0.6851,0.7254,112600350.1,1649807999999,80925555.48017,289774,54687208.6,39308859.30763,0
1649808000000,0.7254,0.7476,0.7128,0.7457,97187172.1,1649894399999,71221702.90838,240356,45882012.1,33629265.42170,0
1649894400000,0.7457,0.7609,0.7142,0.7261,82663110.0,1649980799999,61034857.63426,254620,39153523.7,28922810.11127,0
1649980800000,0.7261,0.7429,0.7203,0.7388,67163011.1,1650067199999,49242680.80130,176038,32416272.8,23772577.27763,0
1650067200000,0.7387,0.7514,0.7273,0.7431,47569250.7,1650153599999,35146376.16936,124277,22274864.3,16459898.36649,0
1650153600000,0.7430,0.7456,0.7050,0.7098,66721345.6,1650239999999,48744563.93375,145539,29854927.2,21817495.19054,0
1650240000000,0.7097,0.7402,0.6867,0.7363,125298884.2,1650326399999,89466867.00173,247759,59548222.0,42545130.35904,0
1650326400000,0.7362,0.7631,0.7278,0.7588,99446897.1,1650412799999,74424847.46130,218870,46959603.1,35151041.32950,0
1650412800000,0.7588,0.7717,0.7300,0.7415,109477153.7,1650499199999,82107903.77168,243826,49966263.4,37494079.36863,0
1650499200000,0.7414,0.7740,0.7070,0.7180,114798313.8,1650585599999,85590743.65455,277472,53082677.9,39580597.80141,0
1650585600000,0.7179,0.7312,0.7108,0.7187,79693933.3,1650671999999,57500500.19466,198784,38787461.3,27983245.10308,0
1650672000000,0.7187,0.7234,0.7029,0.7067,50202177.2,1650758399999,35924955.53960,133006,24150761.3,17283050.61632,0
1650758400000,0.7069,0.7143,0.6960,0.7005,50330958.4,1650844799999,35532687.31221,130015,23011509.2,16246585.86226,0
1650844800000,0.7004,0.7056,0.6548,0.7027,151259718.7,1650931199999,102931239.25111,310125,70967401.8,48321474.29707,0
1650931200000,0.7027,0.7281,0.6417,0.6555,174158209.7,1651017599999,119644824.24593,338661,81606576.7,56094742.09650,0
1651017600000,0.6554,0.6782,0.6481,0.6710,128479521.6,1651103999999,85349811.86261,230559,64128668.7,42603058.76739,0
1651104000000,0.6710,0.7154,0.6605,0.6979,167676837.1,1651190399999,114458780.63062,304011,82922824.2,56625891.71602,0
1651190400000,0.6979,0.7096,0.6185,0.6374,170487778.4,1651276799999,113255664.13156,299877,80412627.5,53426617.12353,0
1651276800000,0.6374,0.6393,0.5357,0.5667,138983132.2,1651363199999,83348578.85099,258936,63264277.6,37974701.72925,0
1651363200000,0.5665,0.6049,0.5627,0.6008,140260047.1,1651449599999,81956092.23951,243438,72863714.6,42573565.96399,0
1651449600000,0.6008,0.6476,0.5790,0.6156,224910635.9,1651535999999,136958579.69643,345220,113711284.5,69243775.03361,0
1651536000000,0.6156,0.7460,0.6105,0.6705,1636979995.5,1651622399999,1138104619.35665,1875423,837543998.4,582346824.97389,0
1651622400000,0.6706,0.7186,0.6524,0.7151,622765075.0,1651708799999,422483342.06845,832298,306259761.1,207850660.82371,0
1651708800000,0.7152,0.7300,0.6120,0.6334,328220349.8,1651795199999,220423272.50955,549649,160512221.7,107791432.13484,0
1651795200000,0.6335,0.7249,0.6250,0.6974,741635338.1,1651881599999,501229350.08521,1105739,373898933.0,252998650.62758,0
1651881600000,0.6971,0.7742,0.6718,0.7477,1130011520.6,1651967999999,830683197.19870,1534803,581263249.4,427432219.50888,0
1651968000000,0.7479,0.7865,0.7072,0.7291,1058097992.5,1652054399999,785535359.74855,1557888,541525562.8,402279692.41543,0
1652054400000,0.7292,0.7554,0.5642,0.5731,893261365.1,1652140799999,596483525.00593,1526255,435970350.1,291446524.91203,0
1652140800000,0.5731,0.6605,0.5510,0.5841,653943642.3,1652227199999,397980479.25510,1203809,330103020.0,200979456.41372,0
1652227200000,0.5842,0.6072,0.4031,0.4502,911615510.1,1652313599999,455453101.19240,1594522,455042443.0,227377706.42148,0
1652313600000,0.4503,0.4807,0.3562,0.4229,754988221.3,1652399999999,309207768.01086,1232104,381027233.3,156208562.87405,0
1652400000000,0.4229,0.5089,0.4143,0.4428,306531574.0,1652486399999,143362489.75555,612814,151822850.3,70994208.51801,0
1652486400000,0.4429,0.4734,0.4177,0.4630,182932491.3,1652572799999,81306376.94011,355886,92421183.2,41089374.78710,0
1652572800000,0.4633,0.4937,0.4435,0.4902,124439053.3,1652659199999,57579232.01942,234204,62867374.9,29093861.66261,0
1652659200000,0.4902,0.4902,0.4374,0.4600,235296269.1,1652745599999,108988576.40484,368396,116507354.8,53965297.24190,0
1652745600000,0.4599,0.5085,0.4587,0.4947,247581624.8,1652831999999,120415775.25126,382296,121772481.1,59228255.22892,0
1652832000000,0.4946,0.5042,0.4306,0.4333,220459984.8,1652918399999,102007577.85840,384773,106675448.3,49341893.99178,0
1652918400000,0.4334,0.4639,0.4203,0.4510,218151413.4,1653004799999,96398688.52343,375302,110239129.7,48728560.24289,0
1653004800000,0.4509,0.4593,0.4192,0.4330,215966412.1,1653091199999,95036075.69283,302521,106404513.5,46816138.09585,0
1653091200000,0.4328,0.4435,0.4205,0.4347,137939546.2,1653177599999,59477189.79031,201264,67655621.5,29174490.61464,0
1653177600000,0.4347,0.4486,0.4233,0.4423,152915164.9,1653263999999,66821157.36573,202246,75184917.5,32868274.69852,0
1653264000000,0.4422,0.4526,0.4098,0.4166,214586480.0,1653350399999,94041898.21048,255122,105293207.5,46163714.07263,0
1653350400000,0.4166,0.4218,0.3899,0.4187,183774081.1,1653436799999,74993615.42593,239137,88573301.9,36158906.04362,0
1653436800000,0.4185,0.4222,0.3983,0.4053,154089724.1,1653523199999,62855013.45483,203792,74756817.9,30499483.55975,0
1653523200000,0.4053,0.4123,0.3658,0.3791,184249555.0,1653609599999,71447154.80893,276963,86177864.6,33393828.58844,0
1653609600000,0.3790,0.3844,0.3550,0.3603,185243046.2,1653695999999,68210451.89248,281087,89470653.1,32945167.25184,0
1653696000000,0.3604,0.3737,0.3543,0.3667,136365709.9,1653782399999,49664448.58835,184667,66187535.8,24113982.26785,0
1653782400000,0.3668,0.3797,0.3521,0.3785,132791829.6,1653868799999,48722699.74915,158007,66925826.3,24565875.24616,0
1653868800000,0.3785,0.4237,0.3759,0.4199,185057184.6,1653955199999,74351553.07181,229114,94351823.1,37922216.70464,0
1653955200000,0.4199,0.4253,0.3950,0.4112,201904800.1,1654041599999,83039313.13442,253728,100449357.6,41328599.22933,0
1654041600000,0.4111,0.4287,0.3736,0.3846,258364593.7,1654127999999,105088391.01051,325151,121915640.2,49616915.37484,0
1654128000000,0.3845,0.3969,0.3760,0.3945,146618685.4,1654214399999,56400754.86590,195803,71169503.4,27387569.34309,0
1654214400000,0.3945,0.3967,0.3710,0.3809,138938539.8,1654300799999,53005021.08839,183428,68721288.8,26213125.65841,0
1654300800000,0.3808,0.3902,0.3668,0.3878,122812217.5,1654387199999,46205191.74241,146610,61072026.8,22985715.48452,0
1654387200000,0.3878,0.4029,0.3787,0.3916,262422683.9,1654473599999,103151018.56477,267002,130848588.6,51446601.65880,0
1654473600000,0.3916,0.4250,0.3904,0.4125,185178021.0,1654559999999,75662479.81392,229112,97269893.9,39758128.45507,0
1654560000000,0.4125,0.4133,0.3764,0.3989,189370680.4,1654646399999,74314280.51964,243493,91576588.0,35952712.52493,0
1654646400000,0.3989,0.4319,0.3983,0.4164,250940109.2,1654732799999,103919667.26894,305526,127307148.8,52742036.26115,0
1654732800000,0.4164,0.4182,0.3988,0.4039,146239747.4,1654819199999,59857047.91984,207713,70936936.6,29035422.90598,0
1654819200000,0.4039,0.4048,0.3622,0.3686,190108082.9,1654905599999,72562328.68726,241307,90298891.2,34464748.54186,0
1654905600000,0.3686,0.3797,0.3378,0.3503,160400485.8,1654991999999,57257431.74626,209503,79061236.5,28194134.94673,0
1654992000000,0.3503,0.3517,0.3229,0.3242,191448391.4,1655078399999,64164574.32708,240049,94233273.3,31602078.41342,0
1655078400000,0.3242,0.3291,0.2876,0.3041,485272358.5,1655164799999,147796490.78459,545376,242727420.1,73947647.12378,0
1655164800000,0.3041,0.3115,0.2818,0.3084,346734187.5,1655251199999,104278401.93389,388644,171413302.7,51544568.13391,0
1655251200000,0.3084,0.3415,0.2780,0.3402,573277666.5,1655337599999,175620424.78417,554133,292890182.1,89729332.15491,0
1655337600000,0.3402,0.3447,0.2953,0.3016,249244069.5,1655423999999,78770410.81986,281632,120396409.7,38076976.81891,0
1655424000000,0.3017,0.3178,0.2984,0.3098,175541218.6,1655510399999,54307430.04869,204846,86860170.5,26875927.73387,0
1655510400000,0.3099,0.3147,0.2745,0.2954,219193241.4,1655596799999,64606344.86569,243691,106524907.0,31416097.66805,0
1655596800000,0.2955,0.3189,0.2845,0.3143,173497472.0,1655683199999,52320900.99767,215584,85673165.6,25855510.44407,0
1655683200000,0.3143,0.3268,0.3012,0.3186,189569884.5,1655769599999,59740127.17778,204310,96361697.0,30398903.75901,0
1655769600000,0.3185,0.3439,0.3142,0.3254,151501433.6,1655855999999,49904206.12686,197130,76686420.9,25260749.63521,0
1655856000000,0.3255,0.3319,0.3116,0.3137,130582032.5,1655942399999,41800171.37087,180968,63229201.5,20248497.36799,0
1655942400000,0.3137,0.3377,0.3116,0.3358,141755327.4,1656028799999,45988435.51865,183611,69246606.9,22477031.11216,0
1656028800000,0.3358,0.3584,0.3343,0.3497,144400783.2,1656115199999,50255494.97127,185206,72799116.5,25338486.90593,0
1656115200000,0.3497,0.3572,0.3343,0.3513,113117632.7,1656201599999,39313666.72766,149218,54456456.1,18938958.90445,0
1656201600000,0.3516,0.3602,0.3308,0.3315,117251695.9,1656287999999,40617433.48960,145759,56199621.8,19468303.13190,0
1656288000000,0.3315,0.3465,0.3243,0.3309,131252116.1,1656374399999,43962038.31060,150624,63382538.7,21239898.76279,0
1656374400000,0.3309,0.3375,0.3100,0.3122,147494338.9,1656460799999,47941057.31414,169666,71204457.3,23168335.76041,0
1656460800000,0.3122,0.3167,0.2946,0.3012,167824343.3,1656547199999,51176505.99065,190454,81529237.7,24876609.67309,0
1656547200000,0.3013,0.3171,0.2831,0.3144,333995300.5,1656633599999,99817288.23023,337290,169696440.4,50724715.03833,0
1656633600000,0.3144,0.3235,0.2990,0.3062,240764147.6,1656719999999,74204496.20526,257573,120340992.0,37082910.82070,0
1656720000000,0.3063,0.3120,0.2986,0.3074,168833425.7,1656806399999,51472256.55043,160848,85940345.8,26198825.36816,0
1656806400000,0.3074,0.3153,0.3008,0.3093,124245029.6,1656892799999,38167959.24767,129175,63358556.5,19457659.70899,0
1656892800000,0.3093,0.3209,0.2996,0.3195,145284989.3,1656979199999,45144764.01449,147318,71677377.8,22282620.51212,0
1656979200000,0.3195,0.3229,0.3010,0.3076,142294034.7,1657065599999,44458969.12690,150526,69198714.4,21630474.98162,0
1657065600000,0.3076,0.3130,0.3006,0.3106,119416197.3,1657151999999,36802489.42635,137803,58994285.6,18187969.03671,0
1657152000000,0.3106,0.3255,0.3097,0.3221,142813712.8,1657238399999,45206125.93525,143236,72051459.0,22805395.57457,0
1657238400000,0.3221,0.3296,0.3092,0.3138,140278829.4,1657324799999,44578207.32843,155403,66943538.2,21277166.76643,0
1657324800000,0.3138,0.3241,0.3138,0.3212,94059495.9,1657411199999,30051123.57360,107220,46044444.9,14711169.73129,0
1657411200000,0.3212,0.3227,0.3054,0.3099,97623649.5,1657497599999,30618813.38851,114331,48040988.9,15069037.20442,0
1657497600000,0.3100,0.3101,0.2960,0.2967,110868791.8,1657583999999,33591976.94021,131070,54195515.7,16425738.78315,0
1657584000000,0.2967,0.3044,0.2911,0.2922,111969763.5,1657670399999,33371106.74952,120143,56341659.0,16798018.01476,0
1657670400000,0.2921,0.3112,0.2893,0.3096,168884202.6,1657756799999,50711691.26882,166650,86238921.3,25902244.12326,0
1657756800000,0.3097,0.3326,0.3009,0.3295,146823795.0,1657843199999,46119169.64830,156666,73601891.6,23120480.56485,0
1657843200000,0.3296,0.3324,0.3203,0.3274,140552726.7,1657929599999,45895229.37207,164122,70333313.0,22968846.33905,0
1657929600000,0.3273,0.3456,0.3243,0.3401,190238281.5,1658015999999,63981313.38480,206855,95841338.5,32226333.62714,0
1658016000000,0.3401,0.3436,0.3322,0.3362,135908709.7,1658102399999,45917165.04011,159445,65410796.9,22096240.15397,0
1658102400000,0.3361,0.3674,0.3358,0.3593,167335602.5,1658188799999,59089156.59300,203066,82147541.4,29004905.51694,0
1658188800000,0.3592,0.3786,0.3459,0.3718,179401800.6,1658275199999,65091536.31399,225773,89864684.7,32629784.33076,0
1658275200000,0.3719,0.3775,0.3412,0.3444,155366775.2,1658361599999,56445006.69423,191751,74492095.4,27088873.34024,0
1658361600000,0.3444,0.3515,0.3325,0.3490,142236123.5,1658447999999,48723822.68089,165236,69209222.4,23720263.89912,0
1658448000000,0.3489,0.3576,0.3329,0.3375,114481216.1,1658534399999,39870333.42094,149811,55511146.9,19335349.16714,0
1658534400000,0.3374,0.3444,0.3253,0.3344,84474520.0,1658620799999,28289849.13898,121946,41323198.3,13845428.13502,0
1658620800000,0.3346,0.3479,0.3341,0.3400,82570511.2,1658707199999,28141440.07911,109065,42006976.1,14316700.61691,0
1658707200000,0.3400,0.3434,0.3109,0.3117,126271150.2,1658793599999,41337952.04529,141583,60694898.9,19883625.64240,0
1658793600000,0.3117,0.3126,0.3006,0.3112,105764223.2,1658879999999,32500542.02182,131884,51401071.1,15799944.62775,0
1658880000000,0.3112,0.3290,0.3051,0.3285,162986519.1,1658966399999,51359528.57061,174355,82153259.4,25898751.57259,0
1658966400000,0.3286,0.3426,0.3184,0.3365,149604941.0,1659052799999,49561419.59797,171309,74147582.6,24577393.97508,0
1659052800000,0.3365,0.3453,0.3251,0.3365,194606697.7,1659139199999,65489833.10929,210618,95270306.7,32055716.70869,0
1659139200000,0.3367,0.3550,0.3288,0.3377,203303287.1,1659225599999,69625817.84233,212221,96592704.5,33098787.44407,0
1659225600000,0.3377,0.3561,0.3315,0.3358,190720306.3,1659311999999,65891014.51222,210105,92080991.1,31816460.51923,0
1659312000000,0.3357,0.3444,0.3300,0.3423,148813398.7,1659398399999,50377035.07132,172694,71394501.5,24169956.23568,0
1659398400000,0.3424,0.3482,0.3195,0.3262,176679799.8,1659484799999,58072050.55085,202799,83473221.5,27438349.53999,0
1659484800000,0.3263,0.3390,0.3169,0.3263,134680554.1,1659571199999,44373457.08300,156671,65272098.8,21525945.05208,0
1659571200000,0.3263,0.3422,0.3253,0.3362,174444927.3,1659657599999,58172778.28806,188826,86136169.8,28736322.89179,0
1659657600000,0.3362,0.3598,0.3340,0.3585,145074620.5,1659743999999,50210617.68502,166644,70025455.4,24250865.29174,0
1659744000000,0.3584,0.3594,0.3464,0.3488,107798285.7,1659830399999,38025395.40270,127545,51263069.9,18086329.42577,0
1659830400000,0.3488,0.3658,0.3421,0.3557,141899847.7,1659916799999,50453469.08838,152864,68469184.4,24354780.85069,0
1659916800000,0.3557,0.3722,0.3532,0.3627,138264449.5,1660003199999,50328863.33345,161321,66137993.5,24080859.40300,0
1660003200000,0.3626,0.3768,0.3402,0.3450,174017997.6,1660089599999,62219149.49711,192308,82209717.1,29421732.60798,0
1660089600000,0.3451,0.3658,0.3350,0.3641,174086464.1,1660175999999,61292404.66557,187856,84601331.8,29800126.31430,0
1660176000000,0.3642,0.3711,0.3584,0.3609,118088568.8,1660262399999,43182508.71137,145004,56285463.2,20587661.89589,0
1660262400000,0.3610,0.3660,0.3521,0.3653,119154935.8,1660348799999,42883812.16891,140109,58710801.6,21135828.16673,0
1660348800000,0.3652,0.3744,0.3640,0.3683,108945304.0,1660435199999,40240945.44834,131866,53252765.5,19670622.94562,0
1660435200000,0.3684,0.3837,0.3583,0.3638,161452166.0,1660521599999,60121941.24963,184097,76098468.8,28355266.12909,0
1660521600000,0.3638,0.3755,0.3497,0.3573,138543276.7,1660607999999,49833803.58659,173891,65546949.0,23583725.83130,0
1660608000000,0.3572,0.3603,0.3487,0.3525,110418382.0,1660694399999,39085657.78117,142303,52560435.0,18606770.14990,0
1660694400000,0.3523,0.3647,0.3370,0.3405,152930079.8,1660780799999,53333149.37989,168590,73096117.6,25482971.99824,0
1660780800000,0.3405,0.3475,0.3230,0.3334,123502877.0,1660867199999,42036020.92660,138180,59153756.4,20135995.64455,0
1660867200000,0.3333,0.3334,0.2993,0.3026,214506915.8,1660953599999,66747228.86487,216404,103172861.1,32099380.12809,0
1660953600000,0.3025,0.3124,0.2932,0.3000,121007969.9,1661039999999,36849399.02867,137524,60702424.4,18493493.07695,0
1661040000000,0.3000,0.3090,0.2969,0.3060,100740309.2,1661126399999,30545929.74252,107824,49036940.7,14866895.68637,0
1661126400000,0.3060,0.3065,0.2897,0.3026,115853803.1,1661212799999,34417274.01501,124769,57867214.4,17187912.22748,0
1661212800000,0.3027,0.3095,0.2926,0.3074,127965615.4,1661299199999,38705384.29192,126616,64360483.0,19472913.83656,0
1661299200000,0.3075,0.3092,0.2983,0.3018,120306221.0,1661385599999,36640077.09653,125699,57611113.1,17549573.31421,0
1661385600000,0.3019,0.3102,0.2984,0.3068,133023489.8,1661471999999,40585549.04532,122219,60904361.6,18584004.85807,0
1661472000000,0.3068,0.3080,0.2789,0.2824,173465114.1,1661558399999,51366625.79077,162206,82068094.3,24307702.29136,0
1661558400000,0.2825,0.2905,0.2781,0.2883,89333559.4,1661644799999,25416121.17172,97839,44330074.7,12614858.60638,0
1661644800000,0.2883,0.2953,0.2807,0.2822,93589653.7,1661731199999,27104040.16079,101207,46603110.0,13498489.44597,0
1661731200000,0.2822,0.2993,0.2796,0.2979,117350844.8,1661817599999,33912568.65524,110066,57940068.9,16745909.63888,0
1661817600000,0.2978,0.3021,0.2837,0.2915,114875157.8,1661903999999,33780596.84542,114396,53765324.3,15815154.77446,0
1661904000000,0.2915,0.3011,0.2869,0.2880,97803697.0,1661990399999,28799442.77918,107009,47217560.6,13902208.26909,0
1661990400000,0.2881,0.2936,0.2829,0.2934,84153623.3,1662076799999,24241624.58539,98493,39991892.3,11520811.66358,0
1662076800000,0.2935,0.3070,0.2897,0.3020,155317760.1,1662163199999,46533861.57494,132181,79222243.5,23745387.91023,0
1662163200000,0.3020,0.3033,0.2950,0.3030,82156560.2,1662249599999,24699360.60417,84653,39400794.1,11847778.64582,0
1662249600000,0.3029,0.3188,0.3028,0.3124,211693109.6,1662335999999,65915570.65980,165878,108747844.6,33861204.17094,0
1662336000000,0.3124,0.3144,0.2967,0.3042,107004412.5,1662422399999,32478488.34729,107664,49751596.9,15102777.54036,0
1662422400000,0.3044,0.3097,0.2800,0.2849,177298201.8,1662508799999,52317086.37076,156843,82886906.8,24451377.84196,0
1662508800000,0.2849,0.3017,0.2807,0.2988,153605152.9,1662595199999,44899109.47155,132597,76717725.9,22433344.62663,0
1662595200000,0.2987,0.3082,0.2926,0.3075,122281023.8,1662681599999,36727303.55965,116805,59982050.4,18019653.42709,0
1662681600000,0.3076,0.3262,0.3070,0.3240,158143700.7,1662767999999,50293693.63854,147278,78629727.9,25009392.82944,0
1662768000000,0.3241,0.3278,0.3172,0.3218,102358653.2,1662854399999,32994625.08311,111575,48917670.0,15770251.23183,0
1662854400000,0.3218,0.3308,0.3162,0.3262,117843824.6,1662940799999,38228017.69415,119328,58489902.2,18973951.03105,0
1662940800000,0.3262,0.3326,0.3165,0.3233,112750658.9,1663027199999,36521021.90988,130337,55724539.4,18051378.93738,0
1663027200000,0.3233,0.3236,0.2941,0.2961,149403882.6,1663113599999,46134159.33754,161073,71979719.8,22216033.21762,0
1663113600000,0.2961,0.3047,0.2945,0.3027,85573998.7,1663199999999,25676870.78629,99043,40969662.9,12292272.53237,0
1663200000000,0.3026,0.3028,0.2885,0.2946,109691150.5,1663286399999,32389827.20272,113235,52715155.1,15568641.87102,0
1663286400000,0.2947,0.3003,0.2897,0.2975,89606197.7,1663372799999,26487893.13431,102355,43581292.1,12883461.05649,0
1663372800000,0.2975,0.3112,0.2973,0.3106,60334420.1,1663459199999,18399829.98709,72313,30901045.6,9423262.62877,0
1663459200000,0.3106,0.3176,0.2880,0.2925,148318518.7,1663545599999,45369783.17663,151882,72122502.3,22072416.19414,0
1663545600000,0.2926,0.3240,0.2908,0.3169,481837794.2,1663631999999,150605710.77616,383500,244773375.2,76516827.93644,0
1663632000000,0.3169,0.3472,0.3167,0.3294,875894687.0,1663718399999,293981644.09680,589945,440839685.2,148011589.98399,0
1663718400000,0.3294,0.3408,0.3076,0.3349,578838139.4,1663804799999,186823744.48889,431038,284889879.9,91979346.90547,0
1663804800000,0.3348,0.3863,0.3281,0.3699,1488064689.8,1663891199999,539768441.77503,1012857,773650798.0,280766399.74196,0
1663891200000,0.3699,0.4100,0.3628,0.3991,1077719782.4,1663977599999,412951578.92548,809037,544272305.5,208692672.94447,0
1663977600000,0.3990,0.4044,0.3694,0.3852,473251008.9,1664063999999,181508871.31006,404925,234468437.7,89949367.43367,0
1664064000000,0.3852,0.4013,0.3775,0.3880,546721493.7,1664150399999,212966219.75051,464500,269038077.7,104834370.62065,0
1664150400000,0.3880,0.3921,0.3567,0.3684,491736900.4,1664236799999,181352589.70137,373438,236310678.8,87184131.17274,0
1664236800000,0.3683,0.3752,0.3371,0.3519,433868860.7,1664323199999,155991785.83994,332782,206454025.7,74231028.40538,0
1664323200000,0.3520,0.3565,0.3314,0.3492,402170942.9,1664409599999,137806885.26616,309859,193981483.5,66469713.35478,0
1664409600000,0.3492,0.3640,0.3331,0.3546,436794697.5,1664495999999,152053692.95669,327847,206450020.9,71888737.68986,0
1664496000000,0.3547,0.3662,0.3463,0.3533,401647520.6,1664582399999,142532593.41332,300875,194684724.6,69110571.27451,0
1664582400000,0.3534,0.3684,0.3520,0.3548,254404173.7,1664668799999,91560041.71698,204435,124106432.4,44670549.46181,0
1664668800000,0.3548,0.3724,0.3512,0.3541,356820128.5,1664755199999,129348069.70518,262083,176827986.2,64129481.10022,0
1664755200000,0.3541,0.3613,0.3430,0.3540,283696767.8,1664841599999,99669500.73113,223580,135292733.6,47541598.86958,0
1664841600000,0.3540,0.3599,0.3493,0.3574,215907034.4,1664927999999,76421377.53935,165981,102236409.6,36195341.19910,0
1664928000000,0.3574,0.3603,0.3440,0.3536,201253365.3,1665014399999,70836776.34079,168238,96452112.2,33967484.64937,0
1665014400000,0.3536,0.3588,0.3465,0.3489,192021974.1,1665100799999,67925000.74942,168325,91117998.0,32240429.24892,0
1665100800000,0.3489,0.3500,0.3354,0.3412,179684672.2,1665187199999,61435939.62318,166516,83844723.4,28669627.74503,0
1665187200000,0.3412,0.3414,0.3301,0.3345,131476426.6,1665273599999,44254795.80060,124691,60816612.4,20477610.53304,0
1665273600000,0.3345,0.3396,0.3301,0.3386,106227678.1,1665359999999,35606454.51701,111571,51036051.2,17104516.58682,0
1665360000000,0.3385,0.3400,0.3186,0.3192,175905480.8,1665446399999,58066125.87356,164950,81440853.8,26905787.75871,0
1665446400000,0.3192,0.3237,0.3078,0.3175,156238731.8,1665532799999,49482846.48379,155259,74508367.4,23607818.27190,0
1665532800000,0.3175,0.3211,0.3109,0.3134,113374666.2,1665619199999,35874676.52911,118349,53255601.3,16857915.69938,0
1665619200000,0.3133,0.3239,0.2856,0.3190,338672914.7,1665705599999,102985209.95273,262458,162199835.4,49342519.52423,0
1665705600000,0.3190,0.3294,0.3121,0.3171,188748264.0,1665791999999,61038591.97367,170688,93726100.1,30320273.58725,0
1665792000000,0.3170,0.3257,0.3120,0.3186,116830032.3,1665878399999,37290859.28337,119587,56505223.9,18043240.88364,0
1665878400000,0.3187,0.3277,0.3182,0.3222,113294334.3,1665964799999,36589186.61439,117920,55479221.7,17918412.80615,0
1665964800000,0.3222,0.3318,0.3175,0.3300,125137847.3,1666051199999,40825885.19844,122919,60848590.3,19866916.19824,0
1666051200000,0.3300,0.3328,0.3148,0.3191,138017556.5,1666137599999,44501087.09537,132885,64704230.2,20867792.99289,0
1666137600000,0.3191,0.3203,0.3032,0.3071,111198191.6,1666223999999,34765720.01850,115375,52475711.6,16406775.34466,0
1666224000000,0.3072,0.3150,0.3024,0.3062,114649460.7,1666310399999,35385363.73380,115379,56116381.7,17327742.63898,0
1666310400000,0.3062,0.3133,0.2952,0.3127,133517998.3,1666396799999,40645150.21598,129045,64647017.2,19693117.87221,0
1666396800000,0.3128,0.3146,0.3086,0.3136,61597835.6,1666483199999,19206191.74639,78017,30504275.5,9513009.77229,0
1666483200000,0.3135,0.3167,0.3063,0.3155,80696586.8,1666569599999,25175721.46543,96346,39259967.7,12251702.95742,0
1666569600000,0.3155,0.3165,0.3050,0.3145,124292457.9,1666655999999,38623758.79805,132544,58490044.7,18177145.37056,0
1666656000000,0.3145,0.3394,0.3129,0.3310,418964497.7,1666742399999,137807477.53010,306645,217502456.4,71505015.46825,0
1666742400000,0.3310,0.3436,0.3285,0.3388,255523828.9,1666828799999,85765076.74694,217832,124076169.0,41671391.59986,0
1666828800000,0.3387,0.3443,0.3245,0.3255,215459756.4,1666915199999,72078027.45683,210105,102245891.3,34206885.09902,0
1666915200000,0.3256,0.3376,0.3191,0.3327,142049759.7,1667001599999,46593744.95493,157305,66963816.4,21971671.51083,0
1667001600000,0.3328,0.3459,0.3327,0.3394,138999094.9,1667087999999,47121394.59745,161405,66568495.7,22570826.21235,0
1667088000000,0.3395,0.3660,0.3350,0.3589,313647742.1,1667174399999,110191571.10258,281346,155955038.6,54793249.50334,0
1667174400000,0.3589,0.3797,0.3511,0.3583,425853296.4,1667260799999,154282269.43367,336223,213271399.7,77330051.99721,0
1667260800000,0.3583,0.3701,0.3453,0.3599,254122397.5,1667347199999,90792878.27026,234199,124147617.5,44393242.66618,0
1667347200000,0.3599,0.3658,0.3430,0.3615,306694363.2,1667433599999,108439720.66177,298952,149365074.8,52835303.15844,0
1667433600000,0.3615,0.3847,0.3595,0.3694,409385925.9,1667519999999,152624189.01784,387431,200700900.0,74852844.53349,0
1667520000000,0.3695,0.4299,0.3652,0.4148,556669347.8,1667606399999,220286376.30400,514708,277540192.3,109872096.63695,0
1667606400000,0.4148,0.4530,0.4029,0.4237,655128828.5,1667692799999,281146932.42638,646430,320977715.5,137823736.45508,0
1667692800000,0.4237,0.4480,0.4015,0.4022,626296095.3,1667779199999,270721771.29822,614145,304979851.1,131995526.94210,0
1667779200000,0.4022,0.4487,0.3956,0.4190,795401868.5,1667865599999,336544777.13094,707197,390953409.5,165526032.47383,0
1667865600000,0.4190,0.4200,0.2773,0.3324,1251103617.0,1667951999999,461229995.81930,1095224,594767242.8,219123206.04634,0
1667952000000,0.3324,0.3353,0.2510,0.2651,809802995.0,1668038399999,243763556.21416,745090,391208099.8,117683752.96447,0
1668038400000,0.2652,0.3289,0.2609,0.3204,467981790.1,1668124799999,139861689.74084,460167,230791374.0,68973846.73133,0
1668124800000,0.3204,0.3292,0.2814,0.3027,406459276.9,1668211199999,123878003.92236,374019,192293136.3,58634794.70969,0
1668211200000,0.3028,0.3034,0.2702,0.2737,270889972.0,1668297599999,75785617.33581,245199,129648273.1,36273087.23034,0
1668297600000,0.2737,0.2777,0.2552,0.2619,320572444.3,1668383999999,84617040.61334,262399,150995799.3,39865452.08383,0
1668384000000,0.2619,0.2675,0.2367,0.2614,435613378.1,1668470399999,110372985.84729,365367,213500812.8,54115443.68264,0
1668470400000,0.2613,0.2915,0.2564,0.2812,495747080.0,1668556799999,136332010.26485,357179,248337874.4,68360731.31581,0
1668556800000,0.2812,0.2983,0.2638,0.2753,705525676.5,1668643199999,197850020.09043,464788,337961590.7,94851708.44907,0
1668643200000,0.2754,0.2798,0.2572,0.2675,351800879.0,1668729599999,93964531.38168,262932,168527503.9,45037684.02746,0
1668729600000,0.2676,0.2989,0.2669,0.2978,772602072.8,1668815999999,219232187.20656,490559,384254874.8,109098107.93394,0
1668816000000,0.2977,0.3120,0.2879,0.2981,1507527636.3,1668902399999,452477625.37489,830094,741318143.1,222598222.81540,0
1668902400000,0.2982,0.2992,0.2531,0.2561,968873293.5,1668988799999,270090951.36292,603808,442821044.8,123559733.00625,0
1668988800000,0.2560,0.2571,0.2372,0.2446,711520927.9,1669075199999,176099399.94413,480675,344785154.3,85381006.54237,0
1669075200000,0.2447,0.2487,0.2257,0.2412,558246766.3,1669161599999,132003157.07660,356483,265555522.1,62799503.12879,0
1669161600000,0.2412,0.2475,0.2356,0.2472,363833785.4,1669247999999,87983065.51051,253036,176232323.7,42628868.83022,0
1669248000000,0.2472,0.2492,0.2375,0.2422,237331230.5,1669334399999,57626043.27539,175093,113726065.1,27612686.06429,0
1669334400000,0.2421,0.2456,0.2333,0.2436,234069937.5,1669420799999,56021972.45021,185446,117069837.0,28036571.60206,0
1669420800000,0.2435,0.2475,0.2370,0.2407,182251952.2,1669507199999,44277035.67673,150662,87046019.6,21154174.63490,0
1669507200000,0.2407,0.2494,0.2388,0.2400,192827612.4,1669593599999,47160257.98077,155475,94241644.8,23055888.37014,0
1669593600000,0.2400,0.2418,0.2261,0.2357,279375067.4,1669679999999,65084902.17700,204768,135379942.2,31539111.18441,0
1669680000000,0.2357,0.2425,0.2333,0.2405,163231797.0,1669766399999,38924032.63062,136060,80683886.8,19246760.60236,0
1669766400000,0.2405,0.2498,0.2367,0.2475,252720137.4,1669852799999,61721188.34637,208922,126553519.7,30912209.21893,0
1669852800000,0.2475,0.2483,0.2382,0.2410,149557860.7,1669939199999,36286668.72826,142521,74938225.8,18185518.54454,0
1669939200000,0.2409,0.2460,0.2350,0.2440,205636361.9,1670025599999,49793486.54830,156547,102546325.2,24835727.52817,0
1670025600000,0.2439,0.2459,0.2360,0.2373,133780600.9,1670111999999,32187062.38260,122485,63862619.6,15370942.58064,0
1670112000000,0.2373,0.2407,0.2363,0.2392,94385283.0,1670198399999,22509052.85444,90394,46607612.5,11114404.15332,0
1670198400000,0.2391,0.2468,0.2331,0.2362,221438690.8,1670284799999,53203690.52745,147645,106369901.6,25568896.81355,0
1670284800000,0.2362,0.2369,0.2312,0.2336,148732126.3,1670371199999,34768039.80724,107738,72042949.3,16844919.70815,0
1670371200000,0.2336,0.2346,0.2162,0.2208,254851259.1,1670457599999,56910109.06869,160276,121026366.5,27022649.11991,0
1670457600000,0.2209,0.2264,0.2171,0.2242,203066923.8,1670543999999,45076030.05231,122389,96824899.3,21496487.50132,0
1670544000000,0.2243,0.2260,0.2211,0.2256,124474146.2,1670630399999,27863428.64825,101733,60728398.7,13596079.52141,0
1670630400000,0.2256,0.2305,0.2247,0.2268,156284988.7,1670716799999,35668719.09938,117281,76782398.1,17527959.30443,0
1670716800000,0.2268,0.2299,0.2200,0.2223,130641898.8,1670803199999,29470884.65738,93962,63409037.1,14306035.47994,0
1670803200000,0.2222,0.2223,0.2119,0.2181,157317754.8,1670889599999,33968032.92494,121269,75211577.0,16238607.06505,0
1670889600000,0.2182,0.2258,0.2091,0.2239,182514428.8,1670975999999,39847639.63472,136720,87280827.5,19067862.82939,0
1670976000000,0.2238,0.2262,0.2179,0.2206,131595042.7,1671062399999,29258193.62354,93950,65272391.7,14512026.14836,0
1671062400000,0.2206,0.2287,0.2095,0.2101,309912242.6,1671148799999,68166785.43947,217418,148235169.7,32634062.80706,0
1671148800000,0.2102,0.2128,0.1798,0.1847,374932896.7,1671235199999,74900036.54462,243728,170208344.0,34071000.85941,0
1671235200000,0.1848,0.1952,0.1800,0.1942,184229325.4,1671321599999,34853866.13864,135226,91561908.9,17328689.98318,0
1671321600000,0.1942,0.1952,0.1867,0.1881,168787880.6,1671407999999,32117790.23783,112543,82943188.0,15785885.30321,0
1671408000000,0.1880,0.1912,0.1681,0.1740,305133919.4,1671494399999,54891731.77034,184142,140194764.8,25241051.39538,0
1671494400000,0.1740,0.1817,0.1737,0.1783,195218458.1,1671580799999,34733831.51025,122495,97157589.7,17290454.42367,0
1671580800000,0.1784,0.1805,0.1690,0.1704,221133830.1,1671667199999,38839236.48766,132690,106450441.0,18713730.69732,0
1671667200000,0.1704,0.1719,0.1644,0.1718,245192845.7,1671753599999,41451979.26866,146296,119111297.7,20147996.50684,0
1671753600000,0.1718,0.1736,0.1685,0.1697,136234547.0,1671839999999,23240708.13957,90888,68132280.4,11622478.71344,0
1671840000000,0.1697,0.1706,0.1671,0.1675,77765189.6,1671926399999,13115106.21257,53246,37428378.9,6313449.20048,0
1671926400000,0.1676,0.1680,0.1620,0.1654,148711836.4,1672012799999,24507826.74590,87176,68635270.6,11313923.00332,0
1672012800000,0.1655,0.1717,0.1647,0.1714,141852936.8,1672099199999,23866071.23523,88658,71580459.8,12044344.31532,0
1672099200000,0.1715,0.1722,0.1642,0.1700,138364448.2,1672185599999,23270336.03747,85590,67597484.9,11368416.49324,0
1672185600000,0.1699,0.1705,0.1604,0.1670,227225034.8,1672271999999,37492378.61853,126274,113288289.1,18693356.60358,0
1672272000000,0.1670,0.1677,0.1605,0.1647,174775468.9,1672358399999,28667259.45592,105872,86640037.9,14211183.05022,0
1672358400000,0.1647,0.1690,0.1596,0.1690,160968406.4,1672444799999,26318025.00378,92315,80695910.7,13204036.29646,0
1672444800000,0.1689,0.1745,0.1670,0.1724,268731417.7,1672531199999,46077741.01697,133050,137772178.4,23628118.75489,0
1672531200000,0.1723,0.1787,0.1711,0.1771,190096498.7,1672617599999,33199693.99173,93439,97505462.3,17029969.09273,0
1672617600000,0.1771,0.1830,0.1730,0.1807,198706329.5,1672703999999,35657839.86063,103982,100261505.0,17993147.65181,0
1672704000000,0.1808,0.1852,0.1797,0.1840,145940940.7,1672790399999,26610035.71214,84662,72999833.1,13310710.32599,0
1672790400000,0.1840,0.1915,0.1831,0.1866,193642038.3,1672876799999,36342611.18476,113001,96135874.2,18043694.26496,0
1672876800000,0.1867,0.1909,0.1815,0.1835,152724267.9,1672963199999,28418598.73422,96202,76919932.8,14315094.08145,0
1672963200000,0.1835,0.1899,0.1802,0.1890,149510049.5,1673049599999,27495429.97084,92229,75816537.3,13945974.81406,0
1673049600000,0.1889,0.1953,0.1876,0.1938,152274555.2,1673135999999,29215784.13612,90239,79316913.0,15219246.07922,0
1673136000000,0.1938,0.2005,0.1904,0.1991,165021615.5,1673222399999,32003587.54941,98970,83468546.3,16194137.09425,0
1673222400000,0.1992,0.2083,0.1979,0.1997,257205336.0,1673308799999,52385676.37192,145190,127442759.1,25960024.96096,0
1673308800000,0.1996,0.2055,0.1965,0.2038,171778672.5,1673395199999,34656416.37126,108693,86596352.2,17475596.46453,0
1673395200000,0.2038,0.2110,0.1965,0.2102,180366527.3,1673481599999,36295725.41086,114108,92291615.3,18580243.40750,0
1673481600000,0.2102,0.2136,0.2020,0.2122,248760317.9,1673567999999,52017205.11477,146637,119898727.4,25079476.61658,0
1673568000000,0.2122,0.2223,0.2076,0.2208,195562480.8,1673654399999,41784324.90473,127318,98581476.9,21058652.75226,0
1673654400000,0.2207,0.2401,0.2135,0.2292,358200019.6,1673740799999,81326732.08498,234192,173270408.1,39355341.27794,0
1673740800000,0.2292,0.2410,0.2230,0.2405,237886913.8,1673827199999,55283576.79836,172201,120907237.7,28119448.56116,0
1673827200000,0.2405,0.2420,0.2242,0.2341,243252514.6,1673913599999,57079273.85977,180132,115190381.8,27042042.73309,0
1673913600000,0.2341,0.2367,0.2275,0.2284,184205084.2,1673999999999,42808184.67650,142143,91773688.9,21335643.26065,0
1674000000000,0.2285,0.2327,0.2075,0.2086,309683217.6,1674086399999,68200498.07572,215815,151854842.1,33431386.59144,0
1674086400000,0.2085,0.2184,0.2079,0.2170,176512347.4,1674172799999,37583970.78412,116175,88738157.8,18891042.17540,0
1674172800000,0.2169,0.2402,0.2155,0.2392,231747639.9,1674259199999,52508439.63981,165105,114205443.3,25888548.02027,0
1674259200000,0.2393,0.2456,0.2305,0.2390,290876429.4,1674345599999,69409744.36586,202472,144298671.5,34445636.45964,0
1674345600000,0.2391,0.2550,0.2353,0.2460,282498490.7,1674431999999,69853200.89965,225350,138310572.3,34204245.87744,0
1674432000000,0.2460,0.2542,0.2449,0.2498,206496660.6,1674518399999,51626638.83280,189576,100039061.9,25014655.06401,0
1674518400000,0.2497,0.2602,0.2336,0.2363,228922964.3,1674604799999,57195187.39349,199115,109891694.4,27471468.92225,0
1674604800000,0.2363,0.2494,0.2288,0.2446,214411695.7,1674691199999,50926053.28047,182079,105015381.7,24938839.11295,0
1674691200000,0.2447,0.2491,0.2388,0.2453,152122379.6,1674777599999,37187089.59665,138773,75695997.6,18509622.81740,0
1674777600000,0.2452,0.2596,0.2382,0.2548,183120924.2,1674863999999,45634020.75697,161101,89789755.1,22370057.85863,0
1674864000000,0.2548,0.2648,0.2494,0.2574,178092972.9,1674950399999,45869312.65343,154485,86893462.5,22388619.68743,0
1674950400000,0.2573,0.2648,0.2538,0.2619,132857823.7,1675036799999,34534593.34708,127434,64527589.4,16775930.21759,0
1675036800000,0.2618,0.2627,0.2352,0.2393,190743616.0,1675123199999,47080029.61027,176751,90547164.8,22334610.55324,0
1675123200000,0.2394,0.2439,0.2349,0.2413,134760197.1,1675209599999,32316355.34196,123403,65886606.3,15804003.16067,0
1675209600000,0.2413,0.2520,0.2306,0.2510,206661360.6,1675295999999,49650333.73438,174168,100304442.0,24105702.40850,0
