1640995200000,32.405,36.970,32.375,36.319,30573347.98,1641081599999,1066150151.22722,1662901,15574177.02,542982072.86350,0
1641081600000,36.315,36.865,34.187,35.496,18825721.69,1641167999999,665789736.30793,1082370,9423244.52,333370581.59619,0
1641168000000,35.497,39.821,34.219,39.229,31858385.76,1641254399999,1194332600.35995,1776293,16064888.40,602499715.23536,0
1641254400000,39.226,43.928,37.500,42.104,40165092.89,1641340799999,1643510043.66970,2336422,20452715.20,837142157.40484,0
1641340800000,42.106,43.267,34.600,38.645,38051657.90,1641427199999,1499625318.80412,2439071,18534362.62,730914851.49697,0
1641427200000,38.647,41.490,35.437,40.044,38007384.15,1641513599999,1446839830.36001,2571584,18770822.53,714776949.45622,0
1641513600000,40.041,44.665,37.548,38.576,70780379.48,1641599999999,2951408235.34589,4075291,35487368.24,1481003863.28049,0
1641600000000,38.573,40.342,33.986,35.842,41852357.89,1641686399999,1551862526.58165,2355624,20635683.38,765553687.84685,0
1641686400000,35.846,38.065,34.100,34.961,31636368.03,1641772799999,1140428782.75775,1908673,15690808.21,565666359.69880,0
1641772800000,34.969,38.171,32.803,37.850,45555335.79,1641859199999,1641203787.70064,2664005,22624974.92,815672457.64449,0
1641859200000,37.850,39.880,36.106,38.664,32142019.64,1641945599999,1222521023.70037,2034049,15926822.80,606097960.87549,0
1641945600000,38.664,42.289,38.551,40.213,26250752.21,1642031999999,1070059459.56767,1682268,12979453.57,529130648.88465,0
1642032000000,40.210,41.285,37.420,37.601,20435590.67,1642118399999,811215839.86769,1389629,9774886.33,388281815.65641,0
1642118400000,37.604,40.800,36.703,40.410,17765414.24,1642204799999,679189317.55838,1293231,8736966.93,334160980.60875,0
1642204800000,40.418,40.981,39.106,39.118,11946052.47,1642291199999,477784282.38783,968692,5781640.49,231347186.00603,0
1642291200000,39.110,43.790,38.781,43.636,20449542.95,1642377599999,864908719.38085,1456163,10355535.62,438119517.56988,0
1642377600000,43.636,44.548,37.900,39.101,22604572.67,1642463999999,937079152.65361,1664390,10887420.12,451805890.65474,0
1642464000000,39.102,40.059,36.240,38.231,19434638.44,1642550399999,737424560.82436,1399300,9447511.08,358558878.57554,0
1642550400000,38.228,38.820,35.324,37.001,16442370.91,1642636799999,606503171.79961,1198121,7972974.50,294109485.54343,0
1642636800000,37.003,42.084,36.900,38.954,34379824.63,1642723199999,1366698067.29307,2174050,17292964.96,687394066.37855,0
1642723200000,38.952,41.090,32.078,34.559,54800327.23,1642809599999,2025743701.15628,3547557,26747841.78,989561394.78293,0
1642809600000,34.558,35.032,27.257,29.253,50288288.21,1642895999999,1524374249.32961,2775696,24982960.07,757148372.29220,0
1642896000000,29.258,34.750,29.089,34.593,42139846.15,1642982399999,1361806561.36672,2521528,21495407.44,694854512.06969,0
1642982400000,34.580,37.000,29.815,35.991,75952147.17,1643068799999,2512266540.82809,4465239,38601594.89,1277599225.80926,0
1643068800000,35.987,37.182,34.737,35.859,37336526.64,1643155199999,1340403648.83906,2559266,18756010.81,673590125.52246,0
1643155200000,35.862,36.300,31.230,32.325,35430426.57,1643241599999,1207975659.51895,2449226,17482450.96,596233200.22611,0
1643241600000,32.324,32.913,28.530,30.045,29101176.73,1643327999999,897789827.34071,2068642,14315313.34,441882229.16982,0
1643328000000,30.043,30.323,27.690,29.433,26315160.71,1643414399999,760642003.20672,1669829,12932836.04,373999641.06500,0
1643414400000,29.434,30.235,28.250,29.054,17494816.49,1643500799999,512800978.76395,1173069,8475091.80,248418385.60930,0
1643500800000,29.054,29.174,26.354,27.148,15569209.43,1643587199999,432305342.48242,1070242,7482045.37,207733558.85514,0
1643587200000,27.147,28.930,25.500,28.048,20936968.03,1643673599999,569019304.45919,1343106,10504074.90,285428074.23115,0
1643673600000,28.046,29.820,27.758,28.818,16520136.91,1643759999999,479139157.59831,1153402,8095010.02,234800204.19056,0
1643760000000,28.818,28.976,26.075,26.309,14383682.37,1643846399999,398460090.89756,1055118,6906001.20,191338382.38317,0
1643846400000,26.313,29.724,25.557,29.680,26567360.85,1643932799999,738246664.03503,1480113,13426144.54,373361189.72693,0
1643932800000,29.648,31.393,28.514,31.088,26240139.33,1644019199999,781531521.70996,1441955,13317518.59,396818698.55194,0
1644019200000,31.080,32.266,29.921,30.721,15298435.40,1644105599999,475988691.16250,943519,7507497.33,233636446.30633,0
1644105600000,30.721,31.969,30.051,31.255,12137619.05,1644191999999,376237019.19691,793804,6007541.34,186209463.53178,0
1644192000000,31.258,33.191,30.468,31.619,14702645.98,1644278399999,471623316.48098,1067745,7093478.10,227623856.08959,0
1644278400000,31.620,32.640,29.714,30.370,14998019.55,1644364799999,463377955.50102,1033500,7162976.83,221379616.27347,0
1644364800000,30.372,31.457,29.500,30.904,10093193.66,1644451199999,309275262.35535,764228,4901309.57,150160678.22393,0
1644451200000,30.904,31.288,28.660,29.065,14004005.27,1644537599999,419914813.37679,1018666,6639317.99,199094981.67509,0
1644537600000,29.064,29.339,26.166,26.549,10226451.07,1644623999999,289601826.58512,826427,4863007.73,137833047.18217,0
1644624000000,26.553,28.336,25.938,27.031,13340160.10,1644710399999,364631984.78393,903217,6470819.96,176867129.63130,0
1644710400000,27.035,27.620,25.869,26.152,7241456.42,1644796799999,194377543.40398,601769,3488714.94,93687405.72941,0
1644796800000,26.155,27.427,25.309,27.128,12342105.66,1644883199999,326307234.14511,810536,6031349.59,159492254.60223,0
1644883200000,27.129,29.245,27.122,28.967,11723038.81,1644969599999,331785951.23159,760825,5864115.33,165978424.72619,0
1644969600000,28.965,29.229,27.572,28.485,8704609.31,1645055999999,246925269.53957,570054,4224090.53,119879015.06492,0
1645056000000,28.484,30.845,27.474,28.050,32943590.62,1645142399999,966710839.44278,1469884,16347815.90,479971094.62996,0
1645142400000,28.051,29.075,26.700,26.831,17167152.33,1645228799999,479354119.80354,909852,8518572.42,237991328.95939,0
1645228800000,26.834,27.399,26.033,26.657,7807025.42,1645315199999,208733319.99991,474892,3783496.64,101171623.19138,0
1645315200000,26.651,26.860,25.400,26.061,14608064.83,1645401599999,380522395.63223,724557,7137372.76,185990126.35378,0
1645401600000,26.061,27.286,23.588,23.798,22604863.86,1645487999999,582168765.67749,1143650,10903347.52,281036633.20927,0
1645488000000,23.797,24.970,22.945,24.794,15134475.90,1645574399999,363629488.27938,799341,7498043.82,180220573.53406,0
1645574400000,24.792,26.917,24.561,25.154,18630726.71,1645660799999,481685731.55770,903049,9357367.85,242012003.80280,0
1645660800000,25.159,25.531,21.531,24.835,31211998.84,1645747199999,723756824.77187,1514226,15642146.04,362623142.98522,0
1645747200000,24.835,27.448,24.235,27.259,15627742.77,1645833599999,399110520.47027,910886,8001247.47,204417608.97580,0
1645833600000,27.259,30.299,27.105,29.883,21567934.87,1645919999999,622952016.91357,1255490,10995070.16,317530656.52736,0
1645920000000,29.883,29.911,26.262,26.753,19828895.23,1646006399999,562772308.99895,1114226,9581974.70,272126255.20529,0
1646006400000,26.753,31.760,26.352,31.364,21504450.95,1646092799999,614543897.20021,1288408,10918859.56,312174830.87547,0
1646092800000,31.358,33.038,30.201,31.136,18274673.99,1646179199999,576022387.02140,1147114,8793654.42,277253578.62832,0
1646179200000,31.132,32.800,29.820,32.227,18765897.46,1646265599999,586509902.59960,1219231,9164102.76,286572878.80215,0
1646265600000,32.233,34.450,31.132,33.991,28386269.01,1646351999999,933023471.34517,1812633,14135160.79,464875468.19946,0
1646352000000,33.998,34.689,30.260,30.464,29226820.74,1646438399999,966652212.38641,1736257,14432120.92,477872344.81103,0
1646438400000,30.464,31.651,29.460,30.834,17206613.16,1646524799999,521995636.40379,1048119,8522865.44,258548321.52703,0
1646524800000,30.834,30.931,27.875,28.141,14564100.78,1646611199999,424790655.12414,1060186,6902494.86,201366459.28972,0
1646611200000,28.141,29.569,27.100,28.278,21144039.32,1646697599999,596687809.88729,1377580,10487879.14,296027189.94917,0
1646697600000,28.275,29.301,27.331,27.844,16052770.66,1646783999999,454284441.86355,1151594,7946710.12,224966065.18518,0
1646784000000,27.845,31.306,27.754,30.034,17253299.38,1646870399999,518616702.65131,1166015,8506930.41,255658623.19357,0
1646870400000,30.035,30.330,27.351,27.990,15271217.85,1646956799999,432996290.55261,1001297,7361851.52,208607351.96786,0
1646956800000,27.990,28.465,26.834,27.456,12387024.17,1647043199999,342616569.19255,883446,5970738.56,165188140.76473,0
1647043200000,27.456,28.254,27.122,27.205,5617003.23,1647129599999,155137440.36430,516324,2712675.71,74939414.79770,0
1647129600000,27.206,27.537,25.909,26.226,8265274.23,1647215999999,222676587.25388,651231,3942817.45,106238146.17998,0
1647216000000,26.222,27.150,25.736,26.818,9263754.87,1647302399999,245244874.35071,628253,4549315.47,120458595.50147,0
1647302400000,26.811,27.748,26.152,26.880,13009835.54,1647388799999,351461200.07090,818243,6492219.66,175398490.06059,0
1647388800000,26.876,29.093,26.502,28.932,13459320.72,1647475199999,373997399.57480,869827,6672804.68,185509643.81243,0
1647475200000,28.935,29.000,28.071,28.150,7136791.37,1647561599999,203142098.98121,570827,3420520.76,97372900.50345,0
1647561600000,28.153,28.761,27.162,28.600,8254484.42,1647647999999,230022809.48401,664858,3908742.76,109024465.79547,0
1647648000000,28.600,29.419,28.332,28.632,7688471.58,1647734399999,221753577.08185,635120,3586366.59,103488799.87214,0
1647734400000,28.632,28.825,27.452,27.819,5709864.35,1647820799999,160541890.26122,526715,2645388.04,74402045.83616,0
1647820800000,27.818,28.386,27.525,27.919,5363407.62,1647907199999,150025990.35316,496397,2575506.43,72051491.79924,0
1647907200000,27.919,28.950,27.630,28.013,9006054.37,1647993599999,254917282.85418,659407,4177140.99,118276343.32241,0
1647993600000,28.014,28.376,27.184,28.233,9003841.75,1648079999999,249843582.76464,512562,4079961.36,113267204.62934,0
1648080000000,28.234,29.454,27.882,29.254,11503418.00,1648166399999,329741546.40358,655811,5436947.96,155951518.33204,0
1648166400000,29.254,30.005,27.645,28.099,12322112.10,1648252799999,357405251.75191,714308,5589569.31,162207108.64808,0
1648252800000,28.098,28.954,27.973,28.762,5398430.18,1648339199999,154184414.49245,366197,2567461.70,73337642.07760,0
1648339200000,28.762,29.968,28.069,29.946,6622670.33,1648425599999,191531739.34588,427923,3093741.94,89551408.26016,0
1648425600000,29.945,31.479,29.113,29.360,14005808.49,1648511999999,427433416.01400,792014,6592165.00,201328640.68624,0
1648512000000,29.359,31.684,29.298,30.210,14145705.96,1648598399999,432797733.42804,808086,6653377.28,203605064.30111,0
1648598400000,30.210,31.324,29.250,30.038,12311788.26,1648684799999,373484474.02027,750688,5846796.22,177454246.99002,0
1648684800000,30.038,31.339,28.369,28.880,15540930.04,1648771199999,464511888.58047,877161,7148656.03,213835095.76296,0
1648771200000,28.879,29.669,27.667,29.407,10106163.24,1648857599999,290602974.98869,677325,4705592.35,135404961.38400,0
1648857600000,29.407,32.817,29.224,31.320,21994228.78,1648943999999,681329608.39243,1277771,10580104.34,327869566.97143,0
1648944000000,31.317,33.295,30.504,31.956,19747904.65,1649030399999,636387021.57747,1189319,9351345.80,301401532.00542,0
1649030400000,31.951,32.547,30.047,30.853,12380492.58,1649116799999,387355471.08643,836099,5744682.44,179882047.88487,0
1649116800000,30.852,31.237,29.121,29.278,11877856.50,1649203199999,359403471.39453,818708,5443129.25,164797445.78149,0
1649203200000,29.286,29.423,26.634,26.865,15762362.95,1649289599999,442174986.47972,1064966,7321980.16,205452755.92228,0
1649289600000,26.858,27.880,26.233,27.630,8779323.59,1649375999999,238894590.56208,685139,4298406.53,116999789.47517,0
1649376000000,27.629,28.940,26.594,26.857,13443537.33,1649462399999,374617016.86727,911717,6436443.18,179413223.63936,0
1649462400000,26.853,27.410,26.573,27.249,5766050.65,1649548799999,155767560.49070,421013,2724102.00,73603725.61540,0
1649548800000,27.245,27.411,26.351,26.484,6295817.97,1649635199999,169301864.27282,420537,3039373.49,81726263.54136,0
1649635200000,26.485,26.589,23.274,23.828,14393774.18,1649721599999,361555504.28396,990867,6725416.93,169037896.89688,0
1649721600000,23.827,25.460,23.647,24.620,10358041.80,1649807999999,254322314.93630,787107,5049931.31,123983930.98151,0
1649808000000,24.620,25.200,24.078,24.689,7521758.34,1649894399999,185581695.44787,524921,3641376.18,89873025.69876,0
1649894400000,24.685,25.144,23.718,23.950,9082907.78,1649980799999,222258609.19338,595539,4307961.38,105417425.13472,0
1649980800000,23.949,24.362,23.741,24.100,5277349.07,1650067199999,126969402.95417,351050,2545758.02,61268800.89233,0
1650067200000,24.097,24.420,23.827,24.162,3897543.61,1650153599999,94161157.87395,239049,1868139.71,45143233.61253,0
1650153600000,24.164,24.470,23.056,23.187,4765633.85,1650239999999,114095258.98205,292288,2221050.76,53202795.40057,0
1650240000000,23.187,24.130,22.420,24.054,9139372.70,1650326399999,211763814.92236,515203,4481457.24,103908038.92928,0
1650326400000,24.056,24.713,23.745,24.660,6186177.15,1650412799999,149804096.06315,392734,2961084.42,71737156.20593,0
1650412800000,24.660,25.080,23.991,24.274,6290721.66,1650499199999,154508670.69388,421545,2924177.41,71858123.36718,0
1650499200000,24.272,24.946,22.886,23.285,7041869.22,1650585599999,170169704.53789,477186,3273871.44,79124126.35325,0
1650585600000,23.285,23.850,22.865,23.087,5675708.43,1650671999999,132728717.12938,422664,2725273.18,63734859.57894,0
1650672000000,23.088,23.477,22.722,23.213,4190850.21,1650758399999,96906082.31591,275519,2008264.27,46449762.23451,0
1650758400000,23.213,23.303,22.261,22.275,5152537.81,1650844799999,117296541.64724,337917,2395562.59,54553669.11985,0
1650844800000,22.275,22.373,20.751,22.119,9757054.30,1650931199999,209991617.35567,579923,4570702.33,98377699.88131,0
1650931200000,22.118,22.297,19.919,20.295,8898949.98,1651017599999,188212902.15233,527177,4157546.72,87830247.00858,0
1651017600000,20.294,21.872,20.097,21.431,12643633.46,1651103999999,268411192.24191,636877,6217497.04,132028618.99765,0
1651104000000,21.431,21.462,20.407,20.742,10328063.40,1651190399999,216663739.92529,517698,4939890.45,103677664.44932,0
1651190400000,20.743,20.873,19.200,19.436,9792886.83,1651276799999,196784071.28859,528193,4594567.29,92331706.19333,0
1651276800000,19.436,19.571,17.211,17.829,11285567.48,1651363199999,209388846.70683,646642,5333529.20,99012630.56714,0
1651363200000,17.833,18.672,17.559,17.978,11017766.15,1651449599999,199672250.35132,635671,5456481.31,98904677.02426,0
1651449600000,17.979,18.344,17.206,17.795,12087338.04,1651535999999,215032719.03451,632822,5880687.21,104626364.44680,0
1651536000000,17.795,18.995,17.429,17.560,16777886.04,1651622399999,305996566.79104,731800,8248079.43,150508190.38061,0
1651622400000,17.566,20.044,17.451,19.911,14703792.03,1651708799999,274358000.75753,696148,7336617.32,136861997.62494,0
1651708800000,19.911,20.334,17.114,17.832,17911063.91,1651795199999,333756935.34221,846489,8742513.52,162972155.79275,0
1651795200000,17.832,17.975,17.087,17.647,11950798.93,1651881599999,210540410.48545,688773,5869491.10,103418836.29105,0
1651881600000,17.648,17.686,16.007,16.424,11961182.50,1651967999999,201590269.54557,607302,5807292.93,97861662.52382,0
1651968000000,16.423,16.533,15.545,15.686,12182997.54,1652054399999,194850358.24502,606935,6004259.93,96055867.13419,0
1652054400000,15.688,15.984,12.325,12.483,30181315.56,1652140799999,433169304.67041,1209141,14788403.71,212520086.83411,0
1652140800000,12.479,15.290,11.954,13.574,49721193.80,1652227199999,684036545.93663,1671225,24875483.91,342436767.04919,0
1652227200000,13.573,14.008,9.161,10.763,65730163.27,1652313599999,762509957.58635,2089259,32830222.34,380915382.77482,0
1652313600000,10.764,11.555,8.466,9.647,52682628.54,1652399999999,506478372.22172,1661192,26519522.61,254933454.71975,0
1652400000000,9.647,11.646,9.000,10.314,30584830.41,1652486399999,323807648.04767,952918,15412818.37,163491378.97272,0
1652486400000,10.318,11.069,9.532,10.772,14450320.97,1652572799999,148574245.92145,497713,7276335.62,74851525.74615,0
1652572800000,10.772,12.512,10.309,12.371,20353204.16,1652659199999,231853052.68051,581163,10393812.39,118496787.38666,0
1652659200000,12.370,12.467,10.926,11.063,28587712.10,1652745599999,331032909.90551,764793,14199632.23,164439127.04974,0
1652745600000,11.068,11.914,10.741,11.450,15169862.20,1652831999999,172609337.82794,492441,7333869.80,83469204.79693,0
1652832000000,11.451,11.772,9.973,10.103,16590751.10,1652918399999,177188531.68138,543604,8058373.63,86034685.62375,0
1652918400000,10.108,10.959,9.796,10.831,16507300.15,1653004799999,171829850.32526,501026,8413536.42,87656891.09652,0
1653004800000,10.831,12.192,10.749,11.184,71671025.01,1653091199999,825823666.22402,1131656,36427555.27,419658915.36046,0
1653091200000,11.186,11.489,10.772,11.043,18698521.48,1653177599999,207121597.63793,471985,9129007.79,101149441.84934,0
1653177600000,11.043,11.586,10.916,11.397,13817312.56,1653263999999,155510378.15209,366926,6751668.54,75996542.84855,0
1653264000000,11.396,12.340,10.941,11.139,22092382.05,1653350399999,259840172.46039,580636,10865615.86,127816644.55190,0
1653350400000,11.139,11.380,10.417,11.079,18237652.40,1653436799999,199444726.99467,521964,9015248.62,98625007.22822,0
1653436800000,11.079,11.387,10.597,10.730,16089721.24,1653523199999,175131128.17177,457667,7921239.41,86251343.12566,0
1653523200000,10.733,10.899,9.183,9.595,27399692.96,1653609599999,269950622.05182,747646,13472191.24,132697291.38929,0
1653609600000,9.595,9.901,9.037,9.268,28986412.98,1653695999999,273644623.18149,808602,14334558.82,135364312.72272,0
1653696000000,9.268,9.685,9.158,9.401,14661555.05,1653782399999,138473544.66512,384506,7256550.02,68542075.14566,0
1653782400000,9.400,9.668,9.137,9.584,13824410.22,1653868799999,130283648.09722,336263,6811865.53,64198039.76089,0
1653868800000,9.583,10.616,9.487,10.493,18960942.55,1653955199999,192770122.80315,496609,9463831.90,96223507.94019,0
1653955200000,10.495,10.833,10.042,10.323,19874231.58,1654041599999,206861906.27577,520887,9722303.67,101213461.65805,0
1654041600000,10.322,10.494,9.100,9.339,22850239.08,1654127999999,227058134.97570,603537,10891238.36,108245233.40919,0
1654128000000,9.339,9.695,9.173,9.617,15587944.06,1654214399999,146634248.22554,464214,7637792.10,71870786.32999,0
1654214400000,9.617,9.684,8.925,9.178,14261126.08,1654300799999,131595819.83998,425232,7087917.27,65408248.55915,0
1654300800000,9.177,9.280,8.886,9.239,10308157.20,1654387199999,94011390.57415,273572,4985449.50,45479434.07231,0
1654387200000,9.239,9.382,9.020,9.169,9091101.44,1654473599999,83568603.97925,265073,4499094.82,41361036.50000,0
1654473600000,9.169,9.749,9.141,9.457,15579689.24,1654559999999,147613504.81842,377942,7599595.53,72010599.43788,0
1654560000000,9.457,9.473,8.556,9.180,24565950.33,1654646399999,219338620.69540,553535,11994818.72,107166739.57641,0
1654646400000,9.181,9.430,8.667,8.754,18121336.46,1654732799999,161576895.55482,415603,8781931.09,78332389.46483,0
1654732800000,8.753,9.197,8.644,8.775,15949470.30,1654819199999,141386608.57076,390206,7690925.67,68200719.68561,0
1654819200000,8.776,8.993,7.990,8.097,23214662.95,1654905599999,196684483.77858,520868,11074573.32,93830295.95651,0
1654905600000,8.098,8.340,7.344,7.552,19546754.96,1654991999999,152077271.97345,464968,9504304.77,73922530.76428,0
1654992000000,7.552,7.740,6.916,7.061,26998737.55,1655078399999,197242920.19174,595775,13351140.26,97590486.13833,0
1655078400000,7.060,7.201,5.864,6.500,52499235.07,1655164799999,333868352.72077,1082886,26169991.22,166470012.75361,0
1655164800000,6.497,6.796,5.937,6.354,32395440.07,1655251199999,208590295.47132,729553,16201963.70,104358467.22220,0
1655251200000,6.355,7.376,5.917,7.322,50940714.29,1655337599999,335106968.75512,960130,25617921.17,168672071.93972,0
1655337600000,7.320,7.495,6.175,6.337,26653344.78,1655423999999,178665970.05139,560715,13223948.33,88682268.80196,0
1655424000000,6.338,6.609,6.242,6.376,18194966.40,1655510399999,117203555.50286,392583,9095085.93,58605535.82708,0
1655510400000,6.377,6.506,5.544,6.076,30521445.40,1655596799999,181319741.32277,543272,14892800.61,88486322.06582,0
1655596800000,6.075,6.899,5.844,6.769,28212379.61,1655683199999,177946213.35842,529943,14355367.91,90679930.37255,0
1655683200000,6.769,6.969,6.480,6.812,18995600.54,1655769599999,127889912.30497,411126,9702373.48,65348197.35756,0
1655769600000,6.812,7.192,6.660,6.950,15154801.30,1655855999999,105189655.39025,374361,7511088.06,52150240.41223,0
1655856000000,6.950,7.600,6.565,7.054,27037165.34,1655942399999,191341553.59310,590275,13515677.47,95714850.34628,0
1655942400000,7.054,8.190,7.053,8.123,33911073.64,1656028799999,261892821.57665,701979,17407324.82,134416979.44598,0
1656028800000,8.123,8.587,7.945,8.249,22201937.95,1656115199999,183367006.74411,486016,11476371.33,94800067.50710,0
1656115200000,8.250,8.713,7.971,8.661,15417439.50,1656201599999,128396214.53228,408841,7708273.31,64228977.57305,0
1656201600000,8.660,8.745,8.004,8.048,14909924.42,1656287999999,125737673.67780,390369,7358314.92,62066376.37843,0
1656288000000,8.046,8.601,7.750,7.783,16736701.21,1656374399999,137044963.98536,410490,8274955.69,67799480.69906,0
1656374400000,7.784,8.020,7.253,7.340,17880419.05,1656460799999,137535071.65255,406650,8997268.48,69250453.79368,0
1656460800000,7.342,7.506,7.019,7.394,17996729.85,1656547199999,130333861.30488,417421,8996653.48,65147378.17052,0
1656547200000,7.395,7.642,6.885,7.564,30175351.36,1656633599999,217597083.65216,636432,15123065.47,109074561.64658,0
1656633600000,7.565,8.359,7.174,8.090,34071213.92,1656719999999,266030883.82274,694985,17522820.22,136908001.80974,0
1656720000000,8.090,8.337,7.930,8.057,29520580.95,1656806399999,239582855.15832,574545,15296850.44,124186841.90031,0
1656806400000,8.056,8.312,7.775,8.084,19491819.91,1656892799999,156647241.00469,442256,9880281.58,79408922.40431,0
1656892800000,8.084,8.939,7.852,8.748,21697412.17,1656979199999,180923770.86682,466975,11368108.68,94755573.96658,0
1656979200000,8.748,9.300,8.380,8.910,35814053.33,1657065599999,318031820.26132,748744,18355619.49,163019281.42003,0
1657065600000,8.910,9.444,8.755,8.888,32461182.98,1657151999999,293450832.13631,722790,16678338.03,150844310.82175,0
1657152000000,8.888,9.568,8.680,9.358,19441059.52,1657238399999,176444547.32137,469766,9769412.60,88685670.82522,0
1657238400000,9.356,9.715,8.886,8.970,17200244.94,1657324799999,157993682.49134,435248,8607288.00,79092654.14491,0
1657324800000,8.970,9.358,8.947,8.976,9482362.17,1657411199999,86790115.06621,270899,4658015.71,42655109.13153,0
1657411200000,8.976,8.997,8.499,8.773,12605525.70,1657497599999,109843357.23537,327488,6265639.97,54593896.81755,0
1657497600000,8.773,9.098,8.161,8.168,25910197.49,1657583999999,227401641.32569,567426,12893290.37,113250964.93860,0
1657584000000,8.168,8.405,7.712,7.806,18958172.70,1657670399999,153143100.02211,403529,9353415.53,75592365.53338,0
1657670400000,7.807,8.239,7.412,8.201,24771383.82,1657756799999,193242172.82931,516410,12529705.08,97770776.89004,0
1657756800000,8.202,9.058,8.085,8.981,23272728.52,1657843199999,196024093.97408,542074,11766756.05,99166134.09973,0
1657843200000,8.980,9.494,8.868,9.047,18760464.70,1657929599999,171846543.38624,470875,9491143.26,86969279.43455,0
1657929600000,9.049,9.397,8.789,9.230,12904971.02,1658015999999,116920844.35090,371875,6614792.20,59918272.20328,0
1658016000000,9.228,9.358,8.850,8.915,10580738.46,1658102399999,96280648.30437,338688,5234016.40,47626800.10364,0
1658102400000,8.915,9.871,8.861,9.566,17671262.83,1658188799999,167602947.72976,507704,8775147.74,83238850.10843,0
1658188800000,9.567,10.770,9.222,10.516,26865350.21,1658275199999,271021569.87962,845852,13374913.36,134896999.89758,0
1658275200000,10.515,10.632,9.576,9.675,18949715.01,1658361599999,192381325.45958,575119,9237395.15,93785924.97789,0
1658361600000,9.675,11.269,9.610,11.046,44481331.43,1658447999999,471545713.39526,1165727,22809769.72,241959686.66946,0
1658448000000,11.047,11.345,10.310,10.629,24548500.13,1658534399999,265321590.27880,691933,12225334.47,132219613.34107,0
1658534400000,10.628,11.205,9.743,10.108,17577078.45,1658620799999,182511907.01331,555354,8565660.27,88919246.59417,0
1658620800000,10.109,10.294,9.879,9.969,11865812.90,1658707199999,120146251.93808,368573,5800058.93,58731807.14370,0
1658707200000,9.968,10.001,8.950,8.971,16498064.65,1658793599999,153833926.35851,483523,7986928.71,74450185.92883,0
1658793600000,8.971,9.688,8.580,9.217,39355446.35,1658879999999,362483862.32294,944346,19688542.90,181406903.49599,0
1658880000000,9.217,10.317,9.019,10.303,26595635.76,1658966399999,253159848.67768,756015,13743445.59,130905872.63415,0
1658966400000,10.302,11.167,10.078,10.858,21503343.22,1659052799999,227509468.14906,651706,10795991.69,114243575.54812,0
1659052800000,10.859,11.494,10.350,11.169,18077069.18,1659139199999,195133324.03917,540637,8759302.26,94554048.35728,0
1659139200000,11.170,11.361,10.501,10.700,13252492.15,1659225599999,144078674.21698,418133,6503362.30,70700606.31079,0
1659225600000,10.700,11.060,10.277,10.339,9756263.67,1659311999999,104617784.56239,324610,4764753.23,51091477.71449,0
1659312000000,10.341,10.793,10.032,10.388,10490992.86,1659398399999,108602428.54369,343900,5230539.44,54147103.35081,0
1659398400000,10.387,10.462,9.748,9.902,11170947.75,1659484799999,111929860.83985,391997,5517121.76,55297321.86941,0
1659484800000,9.904,10.530,9.626,10.152,9634958.78,1659571199999,98196938.56746,332664,4797284.63,48908848.25612,0
1659571200000,10.152,10.614,10.108,10.351,10485721.62,1659657599999,108547842.41490,354945,5024825.87,52018862.37288,0
1659657600000,10.352,10.987,10.288,10.961,8825254.22,1659743999999,94419369.49485,306023,4387717.18,46949740.39106,0
1659744000000,10.959,11.008,10.560,10.623,4530376.59,1659830399999,48961937.79459,199078,2192226.77,23693231.08931,0
1659830400000,10.623,11.637,10.451,11.348,14104786.42,1659916799999,157767388.19284,431052,7150963.29,80016718.42146,0
1659916800000,11.348,12.160,11.205,11.807,15915550.54,1660003199999,186019122.90829,486732,8128709.18,95014051.18475,0
1660003200000,11.805,12.240,11.070,11.374,14589208.03,1660089599999,168945384.76577,469279,7133310.72,82656335.00162,0
1660089600000,11.373,12.038,10.565,11.969,17885934.85,1660175999999,201850571.98594,540366,8722255.87,98505947.18448,0
1660176000000,11.968,12.308,11.668,11.749,12463358.68,1660262399999,149585900.44754,420477,6197059.14,74392625.98625,0
1660262400000,11.750,12.083,11.421,12.041,8628062.36,1660348799999,101110278.45319,314350,4270183.69,50055017.64537,0
1660348800000,12.041,12.409,11.830,11.899,8260849.06,1660435199999,100062877.98587,314991,4112740.69,49830107.76301,0
1660435200000,11.898,12.178,11.430,11.577,7196257.53,1660521599999,85128794.65675,279893,3505021.69,41465079.60255,0
1660521600000,11.577,11.939,11.162,11.391,9203443.30,1660607999999,105718475.01859,324107,4510997.89,51829285.75678,0
1660608000000,11.391,11.660,11.165,11.388,10241376.81,1660694399999,117124911.75318,351079,5170856.22,59144336.79932,0
1660694400000,11.386,11.920,11.175,11.744,17146535.27,1660780799999,198883206.24529,517773,8523291.83,98873056.77890,0
1660780800000,11.744,12.276,11.400,11.434,25674057.60,1660867199999,304959942.70679,689691,12906151.38,153346995.59592,0
1660867200000,11.435,11.442,10.139,10.745,24573349.83,1660953599999,264095355.95097,659314,12246299.95,131578919.17711,0
1660953600000,10.744,10.967,9.952,10.227,15712735.53,1661039999999,165752954.78992,427373,7959538.64,83971075.82986,0
1661040000000,10.227,10.782,10.205,10.636,12031508.07,1661126399999,126510351.08989,333240,6135679.60,64528266.39973,0
1661126400000,10.638,11.136,10.036,11.081,18176971.87,1661212799999,192791108.77746,473112,9395368.77,99671363.72639,0
1661212800000,11.081,12.360,10.960,12.124,36945557.75,1661299199999,433115956.83385,906968,19040385.58,223200794.51257,0
1661299200000,12.126,13.450,11.581,13.010,46917839.89,1661385599999,588551705.20433,1145430,23720096.52,297821514.03019,0
1661385600000,13.011,13.336,12.550,12.846,31632890.37,1661471999999,406750997.92999,839031,16173552.63,208052583.48128,0
1661472000000,12.846,13.133,11.325,11.538,36302742.17,1661558399999,449475031.71225,984481,17904571.77,221802639.32786,0
1661558400000,11.537,11.538,10.680,11.167,28233077.37,1661644799999,310772485.48797,689568,14232894.70,156644413.00476,0
1661644800000,11.167,11.365,10.438,10.557,16584731.13,1661731199999,182696285.96006,448963,8159118.01,89959572.92231,0
1661731200000,10.557,11.735,10.165,11.424,25923013.91,1661817599999,280511534.21965,625581,13192152.90,142830852.59220,0
1661817600000,11.424,12.163,11.110,11.918,35011129.02,1661903999999,406724524.54278,886040,17698608.17,205675334.29779,0
1661904000000,11.919,12.351,11.538,11.812,29503597.76,1661990399999,352973676.22094,767927,14925022.00,178572975.00561,0
1661990400000,11.810,12.850,11.443,12.725,32003549.48,1662076799999,384837731.57191,788767,16535666.14,198949647.73093,0
1662076800000,12.725,13.073,12.316,12.600,25270452.92,1662163199999,319130541.96979,685939,12924985.27,163251979.58175,0
1662163200000,12.600,12.873,12.120,12.614,18324939.46,1662249599999,228173417.94040,528110,9332869.40,116213783.37076,0
1662249600000,12.615,13.044,12.391,13.041,19961105.96,1662335999999,254353390.36325,545328,10393376.78,132462348.63188,0
1662336000000,13.041,13.361,12.460,12.624,19291088.50,1662422399999,246519663.49284,519265,9790482.81,125186994.26247,0
1662422400000,12.624,12.987,11.701,11.768,28617705.46,1662508799999,351898466.86428,701332,14108508.36,173524082.03144,0
1662508800000,11.768,13.248,11.525,12.926,23634203.24,1662595199999,287896543.09513,620199,12120838.95,147821646.53890,0
1662595200000,12.925,14.170,12.620,13.877,37198955.20,1662681599999,499738468.92556,1048422,19384161.59,260444774.98184,0
1662681600000,13.880,17.339,13.741,16.125,57039015.85,1662767999999,892148054.50823,1710232,29369950.24,458806698.72842,0
1662768000000,16.124,16.416,15.432,15.989,23818501.24,1662854399999,380269546.70618,952789,12034384.62,192170275.30478,0
1662854400000,15.988,16.305,15.210,15.680,14034513.38,1662940799999,221234110.42003,569934,6866357.92,108271469.65150,0
1662940800000,15.680,16.512,14.926,15.511,24282811.03,1663027199999,381043029.78515,882881,12018705.41,188734672.40911,0
1663027200000,15.511,16.208,13.694,13.885,26435161.99,1663113599999,394899344.38511,966596,12916050.15,193165334.95839,0
1663113600000,13.885,14.438,13.361,13.954,17854536.21,1663199999999,249943015.91198,635367,8780114.20,122940541.26999,0
1663200000000,13.954,15.515,13.217,14.888,45509884.61,1663286399999,663792058.71487,1463091,23314002.11,340216796.47532,0
1663286400000,14.889,16.784,14.580,16.582,53558027.97,1663372799999,836060506.33826,1768517,27896656.83,435680138.78592,0
1663372800000,16.582,16.950,16.020,16.389,27627825.39,1663459199999,454895503.11263,1055441,14189836.01,233716715.14263,0
1663459200000,16.388,16.400,14.532,14.689,27895236.32,1663545599999,432218393.48042,1017051,13676359.52,211850510.85281,0
1663545600000,14.689,16.050,14.585,15.606,42441945.23,1663631999999,651453454.06191,1466713,21316467.22,327175238.23911,0
1663632000000,15.605,15.879,13.798,13.910,32063578.33,1663718399999,471749824.52691,1048902,15741725.75,231737504.32629,0
1663718400000,13.909,15.085,12.928,13.365,44794597.00,1663804799999,629326919.04217,1467468,22175075.53,311643289.11691,0
1663804800000,13.365,14.986,13.243,14.623,34656058.38,1663891199999,493938929.54984,1131962,17478745.90,249254833.48834,0
1663891200000,14.622,15.259,13.414,14.212,36387820.00,1663977599999,515377736.31601,1207264,17932790.90,254025160.57309,0
1663977600000,14.213,14.282,13.526,13.615,15598621.66,1664063999999,217892646.89554,584065,7589253.90,106023274.43561,0
1664064000000,13.614,14.827,13.570,13.963,24941057.99,1664150399999,353739188.82349,904485,12420731.29,176268590.10368,0
1664150400000,13.963,14.880,13.733,13.901,35723443.13,1664236799999,506668757.50450,1137713,17749898.71,251847009.65660,0
1664236800000,13.900,14.735,13.132,13.476,32616885.33,1664323199999,455736825.82037,943922,15697008.38,219420455.59727,0
1664323200000,13.476,13.566,12.619,12.983,30946639.12,1664409599999,402519609.15840,858575,15046034.25,195684010.40814,0
1664409600000,12.984,13.064,12.413,12.765,24907940.05,1664495999999,317576315.46329,734301,12147650.84,154903198.49551,0
1664496000000,12.766,13.237,12.591,13.018,23773305.00,1664582399999,307820033.83412,697747,11624715.44,150537947.11874,0
1664582400000,13.017,13.094,12.472,12.674,10505036.57,1664668799999,134696939.31978,335646,4923525.86,63160519.66152,0
1664668800000,12.673,12.886,11.920,11.982,15086625.45,1664755199999,188421608.78400,424914,7168978.95,89608837.54795,0
1664755200000,11.983,12.947,11.800,12.848,21704246.64,1664841599999,269931860.87766,595211,11014610.20,137041112.14905,0
1664841600000,12.850,13.277,12.736,13.008,17885906.33,1664927999999,233048911.58148,516142,9026250.22,117632153.45421,0
1664928000000,13.007,13.129,12.606,12.997,14825694.25,1665014399999,190552157.28657,436592,7305815.87,93930442.34801,0
1665014400000,12.998,13.447,12.849,13.008,23446480.37,1665100799999,308086423.73161,633647,11699627.85,153793847.59468,0
1665100800000,13.008,13.083,12.634,13.045,13398066.07,1665187199999,172513943.63904,405589,6389947.45,82291652.01325,0
1665187200000,13.044,13.344,12.935,13.138,13266159.40,1665273599999,174320825.09084,384788,6607286.53,86836830.13114,0
1665273600000,13.138,13.267,13.022,13.184,9053374.37,1665359999999,118940174.83046,282013,4518953.38,59372127.39278,0
1665360000000,13.184,13.266,12.303,12.426,14107942.36,1665446399999,181169428.92980,394993,6686360.24,85892530.86238,0
1665446400000,12.426,12.528,12.081,12.169,13207136.41,1665532799999,162743169.05604,379710,6531690.18,80513905.84410,0
1665532800000,12.169,12.210,11.657,11.730,14390400.54,1665619199999,172114923.98593,398673,6814788.26,81534452.11167,0
1665619200000,11.729,11.807,10.500,11.330,29598535.53,1665705599999,330932685.77351,690425,14605446.61,163296074.08343,0
1665705600000,11.330,12.266,11.287,11.635,22203056.19,1665791999999,264031357.10612,546839,11392318.74,135492509.32631,0
1665792000000,11.635,11.757,11.427,11.510,8440402.67,1665878399999,97747138.17346,246584,4171474.78,48314811.29416,0
1665878400000,11.509,11.842,11.494,11.691,7097331.09,1665964799999,82695660.18995,225048,3609746.46,42070064.51652,0
1665964800000,11.691,12.494,11.627,12.423,16642332.73,1666051199999,202377445.11952,431756,8595933.61,104537947.29478,0
1666051200000,12.423,12.777,12.101,12.515,19876546.89,1666137599999,247938211.28255,493940,10075659.41,125721857.83620,0
1666137600000,12.515,12.636,11.683,11.745,14256218.59,1666223999999,174273639.55117,390149,6720253.97,82211989.93751,0
1666224000000,11.746,11.990,11.222,11.371,14924330.67,1666310399999,173926400.42617,388496,7191730.28,83834551.57034,0
1666310400000,11.371,11.778,10.902,11.728,16239979.94,1666396799999,183459143.21144,415343,8081077.75,91338442.07811,0
1666396800000,11.728,11.887,11.454,11.709,8576396.15,1666483199999,100038743.16902,238282,4252342.08,49623625.44138,0
1666483200000,11.709,12.131,11.428,12.105,8773715.97,1666569599999,102761671.06672,256724,4426459.05,51876003.40571,0
1666569600000,12.106,12.170,11.575,11.641,10560692.42,1666655999999,124419973.12515,285771,5179560.24,61030059.34356,0
1666656000000,11.641,12.375,11.533,11.990,14562741.03,1666742399999,173857709.42719,394471,7298189.44,87142390.42001,0
1666742400000,11.989,12.534,11.906,12.268,14874536.10,1666828799999,182608885.57253,419408,7496900.53,92062393.69929,0
1666828800000,12.268,13.232,12.249,12.649,21972591.56,1666915199999,282658727.72497,637920,11124067.86,143116774.36221,0
1666915200000,12.650,13.822,12.582,13.528,33345365.07,1667001599999,443395695.40704,887675,16892473.35,224626318.98103,0
1667001600000,13.528,13.859,13.331,13.462,14785505.09,1667087999999,200723210.21772,491023,7522566.44,102134915.46712,0
1667088000000,13.462,14.115,13.292,13.915,15687982.93,1667174399999,215174461.50932,481860,7824701.26,107369537.43077,0
1667174400000,13.915,14.489,13.773,14.307,22558034.06,1667260799999,318977225.34561,676984,11513884.44,162845763.86749,0
1667260800000,14.308,14.456,13.835,14.070,14248808.61,1667347199999,200950079.94477,484800,7192120.97,101437177.57479,0
1667347200000,14.071,14.228,13.016,13.282,16936812.41,1667433599999,230942596.63577,588399,8492827.30,115852392.67599,0
1667433600000,13.281,13.900,13.237,13.498,11930954.56,1667519999999,162638274.28205,419469,6006802.90,81906239.14021,0
1667520000000,13.497,15.197,13.397,15.022,21520977.81,1667606399999,315296356.44709,750637,11153861.30,163340261.90537,0
1667606400000,15.020,15.808,14.944,15.375,14039689.16,1667692799999,216261148.77865,565937,7095162.38,109307277.02174,0
1667692800000,15.376,15.403,14.422,14.433,10688845.96,1667779199999,160069072.75627,435623,5249329.39,78628476.34173,0
1667779200000,14.433,14.799,13.850,14.267,14035325.35,1667865599999,201497388.35707,532688,6844177.23,98299615.79264,0
1667865600000,14.267,14.436,11.151,12.138,32449872.20,1667951999999,419189510.95489,1197768,15750390.85,203589347.58403,0
1667952000000,12.138,12.300,9.359,9.777,29490972.65,1668038399999,325885901.10959,1131973,14647506.51,161937877.21249,0
1668038400000,9.778,12.503,9.554,12.157,23139935.16,1668124799999,261943291.88809,910264,11744187.11,132887595.31836,0
1668124800000,12.158,12.413,11.156,11.665,13107701.28,1668211199999,154473044.30702,542848,6405377.77,75514024.63852,0
1668211200000,11.668,11.699,10.827,10.947,6603614.18,1668297599999,73321148.41520,285550,3258218.72,36171021.58415,0
1668297600000,10.947,11.104,10.040,10.181,9762764.95,1668383999999,102902631.19389,378030,4847687.06,51123922.98057,0
1668384000000,10.181,10.700,9.609,10.324,15489733.36,1668470399999,157785809.03261,574545,7580132.22,77200547.91621,0
1668470400000,10.324,10.880,10.176,10.548,11589773.57,1668556799999,122396361.34662,466264,5891307.60,62248113.54760,0
1668556800000,10.549,10.630,9.950,10.144,9475165.43,1668643199999,97071587.40973,355434,4581075.42,46926695.31095,0
1668643200000,10.144,10.195,9.835,9.908,7948202.85,1668729599999,79629020.56539,297373,3838117.88,38454264.82513,0
1668729600000,9.911,10.240,9.778,9.968,8402010.87,1668815999999,84386737.93856,280624,3962175.58,39814171.28241,0
1668816000000,9.967,10.053,9.724,9.990,4940497.87,1668902399999,48812404.01849,172730,2389213.51,23607905.15925,0
1668902400000,9.990,10.043,9.300,9.344,7812472.74,1668988799999,75811425.09553,261358,3682962.94,35741099.52955,0
1668988800000,9.345,9.355,8.760,9.008,14983851.86,1669075199999,135655861.44223,477760,7263738.91,65770448.17980,0
1669075200000,9.010,9.558,8.720,9.542,13030784.76,1669161599999,118867384.64828,432108,6502976.72,59362421.75121,0
1669161600000,9.544,9.976,9.524,9.928,10885369.10,1669247999999,106388194.20350,378211,5530080.82,54049200.83341,0
1669248000000,9.927,10.224,9.772,10.147,9543427.63,1669334399999,95604819.46878,348799,4762777.42,47731651.28918,0
1669334400000,10.146,10.175,9.757,10.019,8220611.25,1669420799999,81920536.31165,283369,4104650.58,40913491.69722,0
1669420800000,10.019,10.446,9.987,10.104,8156829.50,1669507199999,83305901.75082,283368,4043713.39,41317531.14256,0
1669507200000,10.102,10.329,9.891,9.921,5329332.43,1669593599999,53994520.34729,199894,2563962.14,25984380.46151,0
1669593600000,9.920,9.966,9.419,9.855,9678367.58,1669679999999,93962945.72024,333565,4741923.00,46030029.76737,0
1669680000000,9.855,10.293,9.826,10.177,6882081.20,1669766399999,69408150.60872,262148,3509570.01,35398671.78589,0
1669766400000,10.176,10.639,10.175,10.487,9032711.62,1669852799999,94062725.63636,327303,4571423.47,47607127.82321,0
1669852800000,10.486,10.572,10.127,10.266,6412141.68,1669939199999,66261529.13973,240536,3154358.72,32601483.47353,0
1669939200000,10.266,10.382,10.110,10.360,5228903.60,1670025599999,53596157.63596,216300,2621862.77,26877377.95996,0
1670025600000,10.360,10.411,9.967,10.013,4131503.04,1670111999999,42154874.63924,166495,1901353.30,19408675.18593,0
1670112000000,10.014,10.284,10.013,10.249,3552083.88,1670198399999,36031551.45983,150267,1781864.45,18079215.04064,0
1670198400000,10.248,10.569,10.139,10.258,6670694.60,1670284799999,69215754.37525,257576,3294595.97,34193352.38819,0
1670284800000,10.258,10.376,9.986,10.158,5251972.88,1670371199999,53262145.82063,212206,2610000.86,26473625.38962,0
1670371200000,10.157,10.180,9.485,9.610,7692299.22,1670457599999,74946343.02053,264725,3637277.97,35428588.91383,0
1670457600000,9.611,9.853,9.450,9.824,6053168.34,1670543999999,58467863.70931,217239,2906529.76,28079289.29891,0
1670544000000,9.824,9.896,9.617,9.752,4595796.76,1670630399999,44864770.25234,165989,2178452.11,21264394.92171,0
1670630400000,9.751,10.350,9.630,9.939,9787371.06,1670716799999,97459559.92619,293611,4998052.55,49786313.07326,0
1670716800000,9.939,9.983,9.500,9.525,4597236.76,1670803199999,44976382.37731,179267,2139835.96,20941510.09339,0
1670803200000,9.526,9.664,9.400,9.617,6192543.79,1670889599999,59062404.03753,230406,3005081.34,28665439.19235,0
1670889600000,9.617,9.883,9.120,9.750,9592796.06,1670975999999,91433542.36719,312681,4506131.35,42977081.92579,0
1670976000000,9.750,10.015,9.495,9.589,7872371.92,1671062399999,77118776.23771,265258,3865718.38,37877524.53198,0
1671062400000,9.590,9.663,9.356,9.424,4872805.27,1671148799999,46455530.36144,182884,2328957.77,22209942.64721,0
1671148800000,9.425,9.522,8.428,8.580,8374855.01,1671235199999,75370180.56865,297531,3903419.07,35160657.42787,0
1671235200000,8.580,8.807,8.459,8.797,4717630.61,1671321599999,40928885.95098,176537,2299497.10,19959341.63707,0
1671321600000,8.796,8.946,8.743,8.850,4094290.16,1671407999999,36184859.78927,133124,2039580.67,18027242.18440,0
1671408000000,8.851,8.940,8.555,8.635,6389006.61,1671494399999,56117343.02067,219794,3193857.54,28058978.59404,0
1671494400000,8.633,9.045,8.536,8.944,5730976.11,1671580799999,50923380.94707,202995,2954117.14,26254319.48890,0
1671580800000,8.945,9.049,8.754,8.859,4898318.86,1671667199999,43724578.95156,170562,2408976.60,21509385.65921,0
1671667200000,8.859,9.006,8.666,8.986,5592088.17,1671753599999,49538655.15313,190279,2803374.62,24838011.86620,0
1671753600000,8.986,9.049,8.878,8.910,4169175.11,1671839999999,37385959.73823,143256,2063345.72,18505641.04617,0
1671840000000,8.911,9.043,8.875,8.955,3898991.35,1671926399999,34995643.28574,134723,1977239.41,17746389.48060,0
1671926400000,8.955,9.116,8.817,9.006,3997666.31,1672012799999,35798083.88333,144348,1962095.23,17573883.36522,0
1672012800000,9.007,9.192,8.998,9.178,4374568.40,1672099199999,39755116.13389,138761,2173589.26,19755585.21996,0
1672099200000,9.179,9.427,9.127,9.210,7395806.67,1672185599999,68527445.95451,214774,3676972.61,34078492.01651,0
1672185600000,9.209,9.287,8.900,9.129,8639982.97,1672271999999,78767256.58808,255418,4217660.25,38460072.24306,0
1672272000000,9.128,9.396,9.015,9.326,8332679.65,1672358399999,77205334.30852,234213,4194830.60,38873148.88394,0
1672358400000,9.323,9.398,9.206,9.374,9073280.63,1672444799999,84553016.95999,215939,4645414.94,43294326.13679,0
1672444800000,9.374,9.480,9.259,9.351,5082084.10,1672531199999,47617794.12251,148184,2581160.10,24194000.23272,0
1672531200000,9.351,9.473,9.296,9.455,3963330.75,1672617599999,37226896.01442,118581,2077868.50,19518355.69018,0
1672617600000,9.454,10.094,9.374,9.813,11158277.25,1672703999999,109375199.43417,304259,5963032.59,58427125.04864,0
1672704000000,9.812,10.350,9.751,10.146,11171000.65,1672790399999,112660134.87726,298843,5740483.40,57897948.10552,0
1672790400000,10.146,10.450,10.028,10.189,8433311.15,1672876799999,86422531.05063,245097,4243699.46,43495304.03497,0
1672876800000,10.188,10.228,9.981,10.081,5426319.25,1672963199999,54766178.33451,170286,2713133.94,27385558.46166,0
1672963200000,10.077,10.287,9.902,10.243,7090339.63,1673049599999,71304039.99418,212335,3609008.96,36305480.06553,0
1673049600000,10.244,10.366,10.130,10.190,3910437.32,1673135999999,39995494.57678,134529,1891984.42,19351517.02447,0
1673136000000,10.190,10.600,9.978,10.544,8111769.65,1673222399999,83389069.94928,233449,4102330.33,42203273.34208,0
1673222400000,10.544,11.510,10.510,11.103,16531842.12,1673308799999,184095414.24809,406223,8367271.32,93159448.02713,0
1673308800000,11.103,11.342,10.831,11.317,7705981.12,1673395199999,85794070.57273,221199,3827480.85,42620488.71839,0
1673395200000,11.317,11.904,11.043,11.845,9942296.32,1673481599999,112531616.26094,301230,5012337.12,56763572.86244,0
1673481600000,11.845,12.338,11.522,12.255,13912999.52,1673567999999,165311913.39214,458013,7016134.48,83395206.90217,0
1673568000000,12.256,12.518,11.901,12.401,9393205.37,1673654399999,114262514.56538,322666,4626622.78,56294175.36090,0
1673654400000,12.402,13.469,12.081,12.874,18989701.03,1673740799999,242121324.30252,666303,9315706.10,118785307.41412,0
1673740800000,12.874,13.078,12.371,12.784,8840253.62,1673827199999,112441931.63417,313294,4413771.48,56111756.74321,0
1673827200000,12.785,13.073,12.024,12.335,10633501.59,1673913599999,133109095.69647,401378,5238812.11,65567479.53446,0
1673913600000,12.334,12.654,12.010,12.149,8910867.58,1673999999999,110437707.62043,313426,4327712.83,53654833.04088,0
1674000000000,12.151,12.529,11.400,11.532,11826720.89,1674086399999,141375035.92408,460128,5685491.24,67963755.98547,0
1674086400000,11.532,12.094,11.523,12.005,6081573.20,1674172799999,71858896.08618,243143,3097595.77,36610544.57845,0
1674172800000,12.001,13.266,11.917,13.145,10929627.92,1674259199999,137361368.49178,401176,5609197.20,70495660.78535,0
1674259200000,13.145,13.623,12.852,13.090,9490082.98,1674345599999,125833256.81023,418320,4672898.50,61999515.96265,0
1674345600000,13.092,13.785,12.802,13.327,11196039.61,1674431999999,147965152.80020,476665,5548776.85,73351602.08148,0
1674432000000,13.327,13.577,12.781,13.066,8069351.85,1674518399999,106254894.45924,381216,3948976.51,52007829.68731,0
1674518400000,13.066,13.380,12.307,12.434,7108821.50,1674604799999,92167341.81182,331819,3380955.23,43854756.17088,0
1674604800000,12.434,13.759,12.122,13.561,13778869.28,1674691199999,179419400.64840,536125,6996951.98,91137698.88707,0
1674691200000,13.560,13.704,12.810,13.102,11619323.61,1674777599999,153749121.15968,448296,5634502.74,74594373.01844,0
1674777600000,13.103,13.614,12.524,13.531,8187172.29,1674863999999,107109540.17623,342701,4058148.11,53110405.33047,0
1674864000000,13.531,13.899,13.025,13.210,7256759.07,1674950399999,97473357.41188,319911,3480193.30,46764219.75391,0
1674950400000,13.209,13.952,13.005,13.803,6816113.75,1675036799999,92659187.81739,311819,3404464.41,46295131.60669,0
1675036800000,13.803,14.010,12.700,13.061,9959762.88,1675123199999,132729539.01620,409606,4866172.45,64845186.78228,0
1675123200000,13.059,13.485,13.021,13.357,8127546.82,1675209599999,107762611.49392,336681,4058725.25,53822086.00815,0
1675209600000,13.356,14.943,13.263,14.935,31179284.77,1675295999999,441541738.17649,1090018,15909834.89,225307305.03704,0
