1640995200000,93.15000,95.12000,91.20000,93.95000,1119901,1641081599999,104428785.78000,130551,528508,49306481.92000,0
1641081600000,93.96000,96.56000,92.88000,96.13000,913276,1641167999999,86488346.42000,111068,443866,42048758.57000,0
1641168000000,96.14000,97.80000,92.00000,94.27000,1478405,1641254399999,140833774.35000,167964,691294,65856521.44000,0
1641254400000,94.25000,96.65000,92.38000,92.72000,1483912,1641340799999,140422463.98000,162049,693478,65617593.99000,0
1641340800000,92.73000,94.75000,73.57000,80.11000,5223188,1641427199999,443953610.50000,517656,2417697,205482138.55000,0
1641427200000,80.11000,81.00000,75.25000,78.81000,3772135,1641513599999,294931785.16000,358073,1851015,144791801.55000,0
1641513600000,78.79000,78.91000,70.12000,73.49000,4286247,1641599999999,314923507.75000,453791,2106441,154879518.61000,0
1641600000000,73.50000,75.69000,67.59000,70.27000,3005787,1641686399999,215239403.98000,297393,1429659,102392477.76000,0
1641686400000,70.25000,74.16000,68.79000,71.84000,2158737,1641772799999,154147808.19000,205912,1059529,75642679.20000,0
1641772800000,71.85000,73.11000,64.99000,68.28000,3032070,1641859199999,208513427.98000,279100,1496486,102918693.88000,0
1641859200000,68.30000,73.35000,67.43000,72.66000,2318309,1641945599999,163766155.57000,212137,1147180,81004767.18000,0
1641945600000,72.67000,79.44000,72.02000,78.05000,2145524,1642031999999,162558967.30000,208660,1065880,80712669.87000,0
1642032000000,78.04000,78.59000,72.73000,72.95000,2000944,1642118399999,151894337.35000,197672,932213,70768858.43000,0
1642118400000,72.95000,75.60000,70.84000,73.54000,1662162,1642204799999,121559885.68000,157092,788520,57669721.35000,0
1642204800000,73.54000,76.00000,72.89000,75.28000,1207372,1642291199999,89901345.70000,111445,584893,43548666.81000,0
1642291200000,75.26000,82.42000,74.34000,80.19000,4474954,1642377599999,356580972.56000,407307,2176133,173468522.02000,0
1642377600000,80.18000,83.52000,75.01000,76.32000,4632304,1642463999999,369740342.65000,418125,2225161,177697033.04000,0
1642464000000,76.34000,77.10000,71.66000,73.74000,2962693,1642550399999,218619419.22000,271956,1449306,106915518.05000,0
1642550400000,73.73000,74.07000,70.41000,71.71000,2030560,1642636799999,146384359.87000,190266,984322,70944336.25000,0
1642636800000,71.72000,75.83000,68.63000,68.93000,2141120,1642723199999,155508474.87000,199592,1030962,74955092.47000,0
1642723200000,68.91000,69.20000,56.68000,58.23000,4463724,1642809599999,284438544.57000,403086,2098457,133768753.16000,0
1642809600000,58.22000,59.33000,47.47000,50.06000,6991451,1642895999999,362438081.67000,597493,3529096,183068134.31000,0
1642896000000,50.09000,54.85000,49.56000,54.67000,3488509,1642982399999,181048319.38000,281562,1748730,90807870.04000,0
1642982400000,54.65000,54.67000,44.28000,51.09000,6299404,1643068799999,306041478.39000,514095,3116837,151246801.18000,0
1643068800000,51.07000,51.90000,49.13000,50.71000,2995862,1643155199999,151377623.10000,255268,1482151,74921804.07000,0
1643155200000,50.71000,55.50000,48.26000,49.52000,3945770,1643241599999,205383108.89000,336435,1981152,103146315.10000,0
1643241600000,49.52000,50.47000,44.71000,47.23000,4063187,1643327999999,194396697.95000,332263,2035094,97380750.13000,0
1643328000000,47.21000,48.26000,44.54000,46.80000,4087791,1643414399999,188977245.67000,327417,1943367,89844587.60000,0
1643414400000,46.77000,49.92000,46.15000,49.44000,4956652,1643500799999,239277313.92000,384741,2571556,124207436.69000,0
1643500800000,49.44000,55.92000,48.92000,53.20000,8943375,1643587199999,476564781.40000,618820,4469921,238190926.80000,0
1643587200000,53.19000,54.38000,49.65000,52.33000,6015137,1643673599999,309847233.41000,479947,3053779,157375443.29000,0
1643673600000,52.33000,54.92000,51.76000,53.38000,3812173,1643759999999,202695175.88000,282871,1868718,99376689.62000,0
1643760000000,53.37000,54.10000,48.04000,48.99000,4822760,1643846399999,247969470.09000,343721,2296259,118167983.01000,0
1643846400000,49.03000,49.20000,45.92000,48.38000,4602592,1643932799999,218282292.39000,354455,2492767,118165663.87000,0
1643932800000,48.37000,51.66000,47.50000,51.34000,4629090,1644019199999,227539882.65000,318716,2231862,109738780.88000,0
1644019200000,51.33000,59.36000,50.76000,56.68000,9420475,1644105599999,525550774.80000,630792,4484485,250410339.58000,0
1644105600000,56.70000,68.85000,56.68000,68.18000,16757015,1644191999999,1065756564.04000,1173431,8362931,532547520.68000,0
1644192000000,68.16000,71.87000,66.60000,68.37000,11087183,1644278399999,766282209.38000,824249,5494750,379941849.53000,0
1644278400000,68.36000,69.20000,62.15000,66.66000,7819635,1644364799999,510364364.22000,657997,3779769,246751003.19000,0
1644364800000,66.66000,68.04000,63.00000,67.52000,5212878,1644451199999,343327157.21000,433951,2489486,163967592.74000,0
1644451200000,67.52000,68.26000,62.25000,63.22000,7006468,1644537599999,459861485.54000,563245,3360816,220649579.18000,0
1644537600000,63.23000,64.88000,56.57000,59.01000,5050213,1644623999999,311432607.91000,410417,2421312,149300322.56000,0
1644624000000,59.04000,61.47000,56.49000,59.12000,4273311,1644710399999,253640659.13000,341242,2049336,121670348.49000,0
1644710400000,59.13000,60.50000,56.79000,58.02000,2816586,1644796799999,165585941.81000,209685,1387000,81563325.48000,0
1644796800000,58.02000,58.23000,55.01000,56.79000,3391174,1644883199999,191972172.11000,243885,1574682,89139522.15000,0
1644883200000,56.81000,63.77000,56.70000,63.22000,4676709,1644969599999,281882586.82000,332835,2295858,138538042.30000,0
1644969600000,63.22000,66.17000,61.61000,63.34000,5617098,1645055999999,359767117.52000,428504,2691478,172391954.86000,0
1645056000000,63.34000,64.59000,55.62000,56.28000,4952429,1645142399999,296248984.36000,385638,2317463,138827338.83000,0
1645142400000,56.29000,58.00000,53.69000,55.48000,4668912,1645228799999,261543885.99000,337358,2392351,133986629.07000,0
1645228800000,55.46000,56.85000,53.42000,54.76000,2650618,1645315199999,146329961.89000,195305,1300498,71815072.27000,0
1645315200000,54.75000,56.98000,49.48000,52.07000,4651491,1645401599999,240706502.43000,318939,2301696,119127372.22000,0
1645401600000,52.06000,55.98000,47.06000,47.31000,7466578,1645487999999,393509269.31000,540464,3595625,189810834.76000,0
1645488000000,47.30000,51.17000,45.91000,51.01000,5155390,1645574399999,250896678.26000,373754,2562127,124713312.84000,0
1645574400000,51.01000,53.38000,48.49000,48.69000,3668695,1645660799999,187395502.16000,281011,1777743,90867632.53000,0
1645660800000,48.69000,49.91000,41.82000,48.70000,8147533,1645747199999,368327044.38000,588251,4116767,186501639.75000,0
1645747200000,48.69000,51.97000,46.16000,51.12000,5374587,1645833599999,263445102.30000,373453,2651147,130046450.25000,0
1645833600000,51.12000,52.90000,49.80000,50.33000,2727329,1645919999999,138623151.10000,208643,1315886,66927908.20000,0
1645920000000,50.34000,51.91000,46.60000,47.94000,3716856,1646006399999,182735306.27000,272814,1811851,89117915.13000,0
1646006400000,47.92000,57.01000,46.95000,54.35000,4789309,1646092799999,243682381.17000,349106,2387381,121600228.46000,0
1646092800000,54.35000,61.31000,53.27000,57.12000,6918298,1646179199999,392724179.38000,519982,3410043,193483881.18000,0
1646179200000,57.14000,58.97000,54.31000,55.49000,4531842,1646265599999,254862727.57000,381276,2137955,120271763.45000,0
1646265600000,55.48000,55.79000,51.65000,53.22000,2953669,1646351999999,159357281.97000,225735,1410859,76186090.54000,0
1646352000000,53.24000,53.35000,48.90000,49.72000,2793144,1646438399999,142965277.05000,220053,1338051,68506052.09000,0
1646438400000,49.71000,53.01000,48.62000,51.81000,2818297,1646524799999,143835757.62000,225861,1345586,68672453.79000,0
1646524800000,51.81000,52.29000,48.40000,48.82000,2373373,1646611199999,118784473.32000,183960,1114454,55761129.45000,0
1646611200000,48.81000,50.13000,45.52000,46.07000,4009271,1646697599999,190820277.95000,288743,1883035,89686661.97000,0
1646697600000,46.07000,47.60000,45.61000,46.33000,3064151,1646783999999,142870449.28000,216145,1431941,66800466.95000,0
1646784000000,46.33000,49.48000,46.15000,48.53000,3092142,1646870399999,149376897.67000,218441,1459859,70535181.31000,0
1646870400000,48.53000,48.94000,44.80000,46.73000,3398639,1646956799999,157839940.76000,235767,1645311,76360594.13000,0
1646956800000,46.73000,48.19000,45.06000,45.84000,3062862,1647043199999,142445432.18000,208933,1456948,67801097.38000,0
1647043200000,45.84000,48.59000,45.70000,46.55000,2253850,1647129599999,106058453.43000,165363,1127523,53062811.73000,0
1647129600000,46.54000,48.05000,44.88000,45.14000,1931841,1647215999999,89913504.58000,138449,904458,42116684.03000,0
1647216000000,45.15000,48.03000,44.49000,47.81000,3372217,1647302399999,157348065.80000,220969,1710216,79818723.19000,0
1647302400000,47.81000,49.00000,45.78000,46.84000,2548463,1647388799999,119812083.80000,187257,1225851,57674974.29000,0
1647388800000,46.85000,50.78000,46.25000,50.39000,4223984,1647475199999,204811361.89000,310392,2104995,102130701.00000,0
1647475200000,50.40000,51.26000,49.32000,50.20000,2587156,1647561599999,130197700.23000,195229,1234457,62144684.73000,0
1647561600000,50.21000,51.38000,48.45000,50.42000,2515777,1647647999999,125090517.41000,183758,1183806,58872632.40000,0
1647648000000,50.42000,54.28000,50.08000,52.02000,3077465,1647734399999,160091936.45000,219057,1484907,77225363.76000,0
1647734400000,52.02000,52.52000,49.00000,49.83000,2170874,1647820799999,110340607.92000,174744,961419,48911509.94000,0
1647820800000,49.82000,51.88000,49.04000,50.11000,2204076,1647907199999,111119811.19000,164758,1047291,52828226.26000,0
1647907200000,50.11000,53.47000,49.70000,52.36000,3040437,1647993599999,157686283.31000,212061,1488554,77236597.91000,0
1647993600000,52.36000,58.57000,50.68000,58.28000,6249332,1648079999999,344096869.82000,430840,3074010,169530270.69000,0
1648080000000,58.28000,72.00000,58.25000,70.29000,26329746,1648166399999,1715145437.18000,1833942,13360073,870821815.46000,0
1648166400000,70.29000,74.62000,69.45000,71.52000,23899798,1648252799999,1716095259.40000,1537359,11871193,852726215.29000,0
1648252800000,71.53000,72.99000,66.26000,66.88000,8786038,1648339199999,602564338.02000,602429,4197180,287995595.34000,0
1648339200000,66.88000,68.49000,64.20000,68.21000,8140725,1648425599999,539587608.72000,569508,3852323,255482949.14000,0
1648425600000,68.22000,72.25000,65.14000,66.34000,10294635,1648511999999,707972420.33000,718615,4646556,319780923.74000,0
1648512000000,66.35000,70.70000,62.50000,63.94000,16402508,1648598399999,1083389004.78000,1145091,7817518,516046876.91000,0
1648598400000,63.94000,66.67000,61.57000,64.21000,9765482,1648684799999,628770084.58000,700890,4655549,299917534.11000,0
1648684800000,64.19000,68.70000,61.56000,63.38000,7734809,1648771199999,501370875.00000,596551,3579121,232079326.96000,0
1648771200000,63.38000,67.26000,60.00000,66.09000,6724855,1648857599999,428475643.32000,530886,3264534,208211282.30000,0
1648857600000,66.10000,75.44000,63.77000,65.25000,14875508,1648943999999,1041882423.52000,1222490,6983512,489655830.27000,0
1648944000000,65.24000,68.43000,63.86000,66.58000,5936235,1649030399999,394032630.88000,520084,2785468,184989519.31000,0
1649030400000,66.56000,67.08000,61.25000,63.76000,5303868,1649116799999,340237564.81000,448294,2392568,153530125.21000,0
1649116800000,63.77000,65.30000,61.23000,61.64000,4380644,1649203199999,276708152.32000,367393,1991934,125868085.44000,0
1649203200000,61.65000,62.73000,53.00000,53.33000,13230453,1649289599999,769671201.33000,1162456,6140173,357567055.81000,0
1649289600000,53.31000,55.83000,52.03000,54.75000,5291282,1649375999999,286565875.02000,445239,2500783,135509478.07000,0
1649376000000,54.74000,55.24000,50.03000,50.67000,4289059,1649462399999,227867557.59000,397339,1991896,105879029.00000,0
1649462400000,50.67000,52.64000,50.50000,51.68000,3777804,1649548799999,194464408.20000,281392,1856489,95580721.03000,0
1649548800000,51.69000,52.10000,48.68000,48.95000,4868732,1649635199999,246475593.91000,315051,2291993,116107424.48000,0
1649635200000,48.96000,49.06000,44.00000,45.12000,8249230,1649721599999,382807818.66000,571782,3930581,182408565.88000,0
1649721600000,45.12000,48.91000,44.74000,47.18000,8813922,1649807999999,414752348.94000,622736,4251261,200051501.65000,0
1649808000000,47.19000,49.54000,46.52000,48.42000,5356335,1649894399999,256016128.51000,339406,2642581,126353937.39000,0
1649894400000,48.42000,49.50000,45.60000,46.74000,5130058,1649980799999,244724901.01000,337102,2462171,117452439.29000,0
1649980800000,46.74000,50.22000,46.65000,47.87000,5380084,1650067199999,258290942.01000,343187,2648358,127215816.48000,0
1650067200000,47.87000,48.50000,46.65000,47.37000,2466785,1650153599999,117349594.08000,169673,1191146,56665674.86000,0
1650153600000,47.37000,47.86000,45.00000,45.37000,2760723,1650239999999,129722526.11000,184352,1277929,60104808.73000,0
1650240000000,45.37000,46.38000,42.50000,46.19000,5192361,1650326399999,231074199.17000,341093,2463066,109695405.44000,0
1650326400000,46.19000,47.92000,45.36000,47.32000,3693442,1650412799999,172553014.27000,250927,1790522,83662756.63000,0
1650412800000,47.33000,48.40000,45.21000,46.13000,4248629,1650499199999,199747822.96000,299174,1958352,92117585.78000,0
1650499200000,46.14000,48.06000,44.20000,44.86000,4215582,1650585599999,195721341.73000,309518,1905674,88523551.86000,0
1650585600000,44.85000,46.76000,44.70000,45.92000,4279213,1650671999999,196121499.55000,296127,2050812,94021163.68000,0
1650672000000,45.92000,46.10000,44.84000,45.09000,1880231,1650758399999,85647987.28000,151609,874887,39866294.79000,0
1650758400000,45.08000,45.53000,44.06000,44.31000,2016457,1650844799999,90554061.32000,152992,916822,41195198.68000,0
1650844800000,44.30000,44.41000,39.22000,42.87000,6283609,1650931199999,262000023.86000,407854,2918713,121691706.50000,0
1650931200000,42.86000,43.40000,37.80000,38.69000,5905986,1651017599999,239572711.00000,362370,2678374,108705980.74000,0
1651017600000,38.68000,40.09000,37.07000,38.75000,4980642,1651103999999,193178852.48000,305637,2370301,92020546.37000,0
1651104000000,38.75000,40.12000,37.32000,38.02000,5484585,1651190399999,211397772.22000,326525,2703867,104227855.13000,0
1651190400000,38.01000,38.64000,33.33000,34.30000,8113912,1651276799999,286873503.44000,434522,3847679,135933980.46000,0
1651276800000,34.29000,34.83000,26.20000,28.97000,10869554,1651363199999,342229470.28400,522098,5257047,165716634.85000,0
1651363200000,28.96000,32.52000,27.77000,31.78000,12043508,1651449599999,369515769.78000,585839,6117286,187628433.82000,0
1651449600000,31.78000,32.27000,29.75000,30.18000,9059621,1651535999999,276664151.30000,423834,4443017,135724587.22000,0
1651536000000,30.17000,30.88000,28.55000,29.07000,8259496,1651622399999,246078647.79000,362159,4028461,120134914.44000,0
1651622400000,29.06000,33.80000,28.03000,33.30000,11516045,1651708799999,352135624.86000,523918,5934241,181543359.55000,0
1651708800000,33.31000,35.24000,27.91000,28.93000,16691026,1651795199999,522223584.00000,818695,8246338,258207979.97000,0
1651795200000,28.94000,29.07000,27.10000,28.39000,9553501,1651881599999,269320196.00000,414359,4665635,131541684.11000,0
1651881600000,28.39000,29.50000,27.34000,28.57000,7493603,1651967999999,214040273.71000,353342,3683486,105226987.05000,0
1651968000000,28.57000,31.46000,27.61000,30.48000,21006012,1652054399999,625847926.73000,878754,10668191,318114626.44000,0
1652054400000,30.48000,31.57000,24.27000,24.73000,29100150,1652140799999,829725681.57100,1260351,14221288,406274540.51000,0
1652140800000,24.73000,28.34000,23.35000,24.22000,18818056,1652227199999,487520395.92000,868329,9617883,249330206.51000,0
1652227200000,24.21000,25.16000,16.15000,19.00000,34049842,1652313599999,713316176.64300,1276129,17051745,356432248.03000,0
1652313600000,19.00000,24.75000,17.18000,19.09000,40225932,1652399999999,846044744.80000,1808210,20219834,426545088.30000,0
1652400000000,19.09000,24.58000,18.87000,20.24000,22396292,1652486399999,487350905.76000,964510,10390462,226235471.87000,0
1652486400000,20.23000,21.68000,19.23000,21.10000,16885743,1652572799999,343061268.00000,663584,8011622,162824442.67000,0
1652572800000,21.10000,23.85000,20.39000,23.40000,19388980,1652659199999,419510846.77000,753111,8746487,189302927.00000,0
1652659200000,23.40000,23.74000,19.24000,19.55000,20671324,1652745599999,434105642.67000,730885,8944526,187814321.67000,0
1652745600000,19.55000,21.90000,19.35000,21.32000,17607336,1652831999999,364148742.97000,585203,8617130,178339188.74000,0
1652832000000,21.33000,22.50000,20.20000,21.58000,24534279,1652918399999,525448505.55000,823407,12403194,265926696.32000,0
1652918400000,21.58000,22.10000,19.70000,21.80000,22750546,1653004799999,474084530.99000,723003,11350208,236526779.81000,0
1653004800000,21.80000,22.10000,20.10000,20.67000,11161785,1653091199999,235287815.95000,356812,5518794,116373677.72000,0
1653091200000,20.67000,21.30000,20.13000,21.02000,6651047,1653177599999,137636426.51000,213538,3372973,69832560.67000,0
1653177600000,21.01000,21.82000,20.61000,21.62000,6655856,1653263999999,141500175.29000,216681,3380580,71913980.25000,0
1653264000000,21.62000,23.52000,20.60000,20.98000,16136075,1653350399999,362319958.84000,488704,7974910,179209686.89000,0
1653350400000,20.98000,21.41000,20.04000,21.23000,9342134,1653436799999,194654141.26000,270147,4452794,92801324.73000,0
1653436800000,21.22000,21.46000,20.25000,20.87000,7054580,1653523199999,146769099.79000,205587,3410301,70978306.80000,0
1653523200000,20.87000,21.76000,18.50000,19.46000,13996226,1653609599999,280645675.54000,378375,6849069,137430345.67000,0
1653609600000,19.46000,19.78000,17.75000,18.23000,14006411,1653695999999,259141369.21000,362558,6855364,126843330.44000,0
1653696000000,18.22000,18.64000,17.78000,18.53000,7039200,1653782399999,128891279.12000,182079,3484413,63814543.04000,0
1653782400000,18.52000,18.58000,17.62000,18.46000,7075616,1653868799999,127823047.60000,205603,3421937,61868617.10000,0
1653868800000,18.47000,24.54000,18.15000,24.00000,17793084,1653955199999,380765963.33000,526669,9156543,195700628.55000,0
1653955200000,24.00000,28.20000,22.53000,23.81000,42422231,1654041599999,1080008675.43000,1313832,20914624,533018642.99000,0
1654041600000,23.80000,23.88000,20.12000,20.87000,20863340,1654127999999,463419604.04000,657242,10216785,227053126.29000,0
1654128000000,20.87000,21.47000,19.69000,21.05000,12613619,1654214399999,256861890.95000,404231,6198792,126257823.26000,0
1654214400000,21.06000,21.52000,19.35000,19.93000,10831868,1654300799999,219175362.03000,337893,5341137,108002656.31000,0
1654300800000,19.94000,21.07000,19.93000,20.56000,10598128,1654387199999,216612208.17000,302958,5169048,105700670.58000,0
1654387200000,20.56000,20.59000,19.70000,20.04000,6128100,1654473599999,122701392.17000,201049,2884817,57785107.46000,0
1654473600000,20.04000,22.77000,19.95000,20.67000,15002327,1654559999999,316691799.60000,435832,7337595,154838186.78000,0
1654560000000,20.67000,20.68000,19.01000,19.67000,12760676,1654646399999,250627489.84000,399050,6048593,118834902.88000,0
1654646400000,19.67000,19.99000,19.06000,19.46000,8001485,1654732799999,156442626.11000,238155,3819876,74702774.54000,0
1654732800000,19.46000,19.97000,19.20000,19.40000,5208896,1654819199999,101729529.15000,174178,2436933,47626358.87000,0
1654819200000,19.40000,19.56000,17.63000,18.01000,8562092,1654905599999,159165918.92000,251476,3926461,73003953.19000,0
1654905600000,18.01000,18.70000,15.87000,16.29000,11427710,1654991999999,193448943.09000,340794,5384638,91034968.73000,0
1654992000000,16.30000,16.43000,14.30000,14.39000,17185860,1655078399999,263203764.30000,435741,8463855,129632903.69000,0
1655078400000,14.38000,14.68000,12.17000,13.48000,31031764,1655164799999,408129655.87800,786954,15648294,205817720.64000,0
1655164800000,13.49000,15.30000,12.33000,14.07000,24534184,1655251199999,345935649.21000,700823,12610056,177863745.16000,0
1655251200000,14.07000,15.89000,12.52000,15.80000,22934422,1655337599999,315897872.90000,675950,11711692,161467791.52000,0
1655337600000,15.80000,16.37000,13.19000,13.58000,16414480,1655423999999,236864916.69000,457621,8200620,118404064.67000,0
1655424000000,13.59000,14.21000,13.37000,13.89000,8241281,1655510399999,114100245.57000,254101,4109845,56929919.06000,0
1655510400000,13.89000,14.09000,11.83000,12.91000,14839565,1655596799999,189843791.59000,380782,7255995,92762610.88000,0
1655596800000,12.91000,14.46000,12.39000,13.76000,12836097,1655683199999,169302165.50000,341763,6605886,87208225.06000,0
1655683200000,13.76000,15.18000,13.01000,14.52000,12152283,1655769599999,171045309.57000,352703,6169826,86846412.30000,0
1655769600000,14.52000,16.05000,14.09000,14.89000,11701737,1655855999999,176185688.63000,383862,5775741,87014635.57000,0
1655856000000,14.90000,15.03000,13.70000,13.97000,11614236,1655942399999,166189837.91000,325126,5762003,82480787.19000,0
1655942400000,13.98000,14.87000,13.94000,14.72000,9641036,1656028799999,139507408.35000,267992,4801600,69493081.05000,0
1656028800000,14.72000,17.85000,14.66000,17.11000,33736566,1656115199999,562236848.42000,882477,17053761,284309055.71000,0
1656115200000,17.12000,18.50000,16.82000,17.82000,24231768,1656201599999,431185468.57000,680238,12176787,216784850.87000,0
1656201600000,17.82000,17.99000,16.04000,16.14000,12226506,1656287999999,209794602.07000,348222,5804126,99692914.90000,0
1656288000000,16.14000,16.92000,15.38000,15.89000,10931078,1656374399999,176608711.99000,310274,5334477,86235819.45000,0
1656374400000,15.89000,16.84000,15.06000,15.29000,13422278,1656460799999,212254962.06000,361132,6596082,104364606.11000,0
1656460800000,15.29000,15.75000,14.09000,14.39000,10621296,1656547199999,157423441.49000,286960,5110688,75824008.58000,0
1656547200000,14.39000,14.73000,13.08000,14.57000,12616572,1656633599999,173793245.86000,328227,6219972,85676651.32000,0
1656633600000,14.58000,14.95000,13.68000,14.04000,11111541,1656719999999,157683689.34000,288408,5570736,79022247.82000,0
1656720000000,14.04000,14.19000,13.44000,13.92000,6010978,1656806399999,82718156.00000,164743,2876323,39601214.90000,0
1656806400000,13.92000,14.55000,13.47000,14.16000,6488334,1656892799999,90557458.85000,176264,3350276,46778335.22000,0
1656892800000,14.15000,15.00000,13.69000,14.87000,9552989,1656979199999,136566236.30000,240325,4879996,69797484.47000,0
1656979200000,14.87000,15.50000,13.88000,14.44000,11427747,1657065599999,167291536.60000,277966,5648028,82731601.65000,0
1657065600000,14.44000,15.02000,14.03000,14.80000,9084865,1657151999999,131708096.89000,218801,4553290,66034754.42000,0
1657152000000,14.80000,15.60000,14.53000,15.31000,8498051,1657238399999,127930109.30000,207422,4313459,65004250.59000,0
1657238400000,15.31000,15.78000,14.47000,14.82000,9140787,1657324799999,137317135.40000,226192,4478291,67294962.19000,0
1657324800000,14.83000,15.54000,14.82000,15.14000,6922901,1657411199999,105829199.21000,182827,3510436,53684787.54000,0
1657411200000,15.13000,15.17000,14.23000,14.40000,6280227,1657497599999,91547125.22000,166654,3047371,44426905.71000,0
1657497600000,14.41000,14.44000,13.18000,13.43000,7938319,1657583999999,110501577.41000,188347,3864836,53808569.64000,0
1657584000000,13.42000,13.52000,12.76000,12.82000,7174450,1657670399999,94940600.79000,173206,3472602,45993826.67000,0
1657670400000,12.81000,13.45000,12.24000,13.39000,10074195,1657756799999,130295142.22000,221456,4955273,64112418.41000,0
1657756800000,13.40000,13.97000,12.96000,13.94000,9094715,1657843199999,122589101.22000,223013,4590984,61926224.83000,0
1657843200000,13.94000,14.29000,13.73000,13.95000,7210022,1657929599999,100763089.81000,195473,3613527,50522428.76000,0
1657929600000,13.95000,14.47000,13.55000,14.35000,6481244,1658015999999,90852400.41000,160016,3202622,44921135.98000,0
1658016000000,14.34000,15.05000,14.08000,14.51000,9821183,1658102399999,142604445.56000,227721,4957421,71991430.97000,0
1658102400000,14.51000,16.52000,14.35000,16.34000,13907034,1658188799999,217369344.74000,344068,6966889,108837634.81000,0
1658188800000,16.34000,17.59000,15.78000,16.82000,18890454,1658275199999,315223968.51000,462327,9258782,154604122.20000,0
1658275200000,16.81000,17.58000,15.34000,15.55000,13995904,1658361599999,231924080.21000,345217,6794131,112638757.35000,0
1658361600000,15.54000,15.93000,14.79000,15.77000,9755024,1658447999999,150136378.78000,252334,4892758,75321006.47000,0
1658448000000,15.77000,16.46000,15.03000,15.35000,8195590,1658534399999,129724606.36000,223335,3909675,61918406.99000,0
1658534400000,15.34000,18.38000,15.16000,18.21000,33231693,1658620799999,567408980.92000,762048,17066670,291600643.69000,0
1658620800000,18.20000,18.84000,16.98000,17.21000,21401238,1658707199999,381076970.60000,487966,10590549,188792277.28000,0
1658707200000,17.20000,17.90000,15.17000,15.28000,17151405,1658793599999,278564371.02000,383372,8102389,131713618.50000,0
1658793600000,15.27000,15.42000,14.42000,15.10000,9881666,1658879999999,147137924.06000,252615,4782533,71236558.48000,0
1658880000000,15.11000,16.93000,14.66000,16.75000,10669315,1658966399999,165479796.74000,284263,5477252,85126582.59000,0
1658966400000,16.74000,17.47000,16.01000,17.12000,12927146,1659052799999,216125432.58000,341677,6442662,107744492.23000,0
1659052800000,17.12000,19.48000,17.10000,18.20000,22897149,1659139199999,420558289.27000,623648,11264681,206900503.95000,0
1659139200000,18.21000,20.39000,18.19000,19.09000,18316145,1659225599999,354815566.47000,509930,9160423,177513469.09000,0
1659225600000,19.09000,19.15000,17.94000,18.02000,9596325,1659311999999,178928113.87000,292380,4587225,85554080.36000,0
1659312000000,18.01000,18.40000,17.22000,17.79000,9094132,1659398399999,161456231.87000,282277,4326587,76850325.88000,0
1659398400000,17.78000,17.92000,16.53000,17.19000,8008076,1659484799999,137035830.68000,252849,3910304,66923401.75000,0
1659484800000,17.19000,17.99000,16.56000,17.16000,7807020,1659571199999,136171379.10000,245821,3759789,65601069.73000,0
1659571200000,17.15000,18.28000,17.03000,17.72000,9979440,1659657599999,174538939.78000,288135,4918353,86052733.27000,0
1659657600000,17.71000,18.56000,17.60000,18.42000,9326558,1659743999999,168570718.88000,265256,4584194,82895426.45000,0
1659744000000,18.43000,18.44000,17.82000,17.94000,3859403,1659830399999,70135979.03000,124861,1824732,33177919.27000,0
1659830400000,17.93000,18.97000,17.71000,18.47000,9061902,1659916799999,167104019.17000,251613,4464795,82349440.99000,0
1659916800000,18.48000,19.29000,18.40000,18.63000,8244960,1660003199999,154940954.06000,228065,4154873,78110724.00000,0
1660003200000,18.63000,18.72000,17.19000,17.58000,7702099,1660089599999,138292068.09000,204976,3635332,65264650.56000,0
1660089600000,17.57000,18.55000,17.09000,18.52000,8161906,1660175999999,146374849.87000,235352,4152441,74446776.99000,0
1660176000000,18.52000,19.12000,18.23000,18.40000,6936308,1660262399999,129480552.67000,219100,3448666,64395973.49000,0
1660262400000,18.40000,18.77000,17.89000,18.65000,6885715,1660348799999,126308346.57000,202564,3440443,63112549.38000,0
1660348800000,18.65000,19.90000,18.51000,19.25000,10817137,1660435199999,209601205.32000,291379,5405581,104743769.24000,0
1660435200000,19.24000,19.80000,18.23000,18.55000,10284597,1660521599999,197313708.59000,261373,5012209,96296910.05000,0
1660521600000,18.56000,19.13000,17.85000,18.16000,9251688,1660607999999,169929798.86000,253517,4592842,84385995.58000,0
1660608000000,18.15000,18.57000,17.66000,17.93000,8279576,1660694399999,150039654.71000,231721,3952054,71641886.12000,0
1660694400000,17.93000,18.35000,16.63000,16.95000,7923856,1660780799999,138515033.73000,238068,3671358,64190472.73000,0
1660780800000,16.96000,17.23000,15.71000,16.08000,6562251,1660867199999,110374047.52000,180950,3127515,52675557.88000,0
1660867200000,16.08000,16.09000,13.98000,14.19000,14190719,1660953599999,212010760.15000,324951,6941453,103875004.15000,0
1660953600000,14.19000,14.72000,13.60000,14.10000,6574195,1661039999999,93946530.53000,164914,3312147,47369878.17000,0
1661040000000,14.10000,14.65000,13.93000,14.44000,5273586,1661126399999,75489923.24000,139666,2651465,37981548.13000,0
1661126400000,14.44000,14.46000,13.46000,14.23000,7291516,1661212799999,101424394.25000,188105,3581145,49812936.78000,0
1661212800000,14.22000,14.85000,13.67000,14.66000,8899511,1661299199999,127877631.12000,214038,4494645,64598417.90000,0
1661299200000,14.67000,15.03000,14.16000,14.52000,7365204,1661385599999,107649441.26000,189017,3642898,53273558.73000,0
1661385600000,14.53000,14.96000,14.39000,14.71000,5417918,1661471999999,79439564.93000,149440,2699688,39596925.07000,0
1661472000000,14.72000,14.85000,13.04000,13.30000,11221703,1661558399999,158527459.83000,249266,5430836,76797809.51000,0
1661558400000,13.29000,13.99000,12.98000,13.78000,7066020,1661644799999,95521571.69000,177056,3647174,49322842.36000,0
1661644800000,13.78000,13.97000,13.10000,13.18000,5766608,1661731199999,78884252.92000,159258,2748199,37622223.20000,0
1661731200000,13.18000,13.91000,13.00000,13.83000,6922314,1661817599999,92884680.45000,174233,3498304,46959793.56000,0
1661817600000,13.82000,14.06000,13.01000,13.86000,8831127,1661903999999,120444658.11000,214836,4358225,59455365.72000,0
1661904000000,13.86000,14.64000,13.84000,14.12000,10373835,1661990399999,147808961.93000,270337,5241289,74703742.11000,0
1661990400000,14.12000,14.22000,13.50000,14.02000,6922473,1662076799999,95790285.05000,193870,3340597,46228106.46000,0
1662076800000,14.02000,14.45000,13.74000,14.03000,6146589,1662163199999,86290222.49000,164207,3121620,43843253.39000,0
1662163200000,14.02000,15.44000,13.96000,15.16000,19657459,1662249599999,293980197.45000,410868,10648891,159310168.67000,0
1662249600000,15.17000,15.37000,14.35000,14.55000,11969387,1662335999999,175263639.14000,244059,5782329,84698973.70000,0
1662336000000,14.55000,14.82000,13.80000,14.28000,9770881,1662422399999,138593799.03000,190065,4593775,65196194.05000,0
1662422400000,14.28000,14.58000,12.95000,13.13000,12009787,1662508799999,167419425.04000,237216,5723422,79850131.99000,0
1662508800000,13.12000,13.71000,12.80000,13.50000,6946172,1662595199999,91988558.58000,151654,3420368,45307489.76000,0
1662595200000,13.50000,14.07000,13.31000,13.82000,10502480,1662681599999,143789293.42000,206597,5331452,73002757.52000,0
1662681600000,13.83000,15.22000,13.78000,14.70000,14855070,1662767999999,217942358.09000,277383,7684250,112751500.55000,0
1662768000000,14.70000,14.95000,14.30000,14.67000,8067014,1662854399999,117735551.70000,166286,4080762,59563413.31000,0
1662854400000,14.67000,14.79000,14.02000,14.53000,6038550,1662940799999,87453738.31000,138147,2954161,42809271.54000,0
1662940800000,14.53000,15.04000,14.05000,14.22000,9382354,1663027199999,135825014.10000,200304,4627517,67034603.83000,0
1663027200000,14.22000,14.49000,12.99000,13.15000,12015926,1663113599999,164909829.05000,236255,5707226,78398505.78000,0
1663113600000,13.14000,13.44000,12.81000,13.30000,7685572,1663199999999,101405518.56000,154375,3713645,49013635.00000,0
1663200000000,13.30000,13.37000,12.54000,12.68000,10077930,1663286399999,130508367.00000,178654,4757990,61629497.56000,0
1663286400000,12.69000,12.92000,12.41000,12.81000,7716823,1663372799999,97841622.01000,148783,3680614,46677024.35000,0
1663372800000,12.80000,13.22000,12.76000,13.14000,4263183,1663459199999,55263166.29000,97840,2197100,28490772.23000,0
1663459200000,13.15000,13.25000,11.86000,12.03000,6999415,1663545599999,88505135.54000,147625,3185073,40319304.75000,0
1663545600000,12.03000,12.36000,11.61000,12.26000,8805475,1663631999999,105378406.21000,174070,4437644,53116294.56000,0
1663632000000,12.26000,12.81000,12.01000,12.40000,11334671,1663718399999,140800732.83000,205708,5569525,69202030.83000,0
1663718400000,12.40000,12.97000,11.62000,11.75000,12218025,1663804799999,149601327.38000,215413,6007948,73587612.39000,0
1663804800000,11.75000,12.48000,11.67000,12.34000,8828820,1663891199999,106784836.63000,153526,4426710,53564466.77000,0
1663891200000,12.34000,13.45000,12.27000,13.16000,17672391,1663977599999,226764933.40000,305758,9168392,117680088.39000,0
1663977600000,13.15000,13.67000,12.61000,12.68000,9840262,1664063999999,130380419.00000,183246,4898922,64945929.99000,0
1664064000000,12.69000,12.90000,12.22000,12.37000,6051345,1664150399999,76427613.23000,120109,2883200,36436168.56000,0
1664150400000,12.36000,12.49000,12.07000,12.49000,8494295,1664236799999,104644425.39000,149875,4195492,51702424.04000,0
1664236800000,12.48000,12.91000,12.11000,12.32000,9453973,1664323199999,119100746.11000,156101,4604344,58018214.53000,0
1664323200000,12.32000,12.64000,11.84000,12.49000,8259626,1664409599999,100994775.43000,140775,4099503,50139109.67000,0
1664409600000,12.48000,12.74000,12.16000,12.70000,8444462,1664495999999,104972729.90000,139139,4202296,52241625.61000,0
1664496000000,12.71000,12.88000,12.42000,12.55000,8232549,1664582399999,104317224.16000,142446,4056883,51413037.50000,0
1664582400000,12.56000,12.77000,12.44000,12.54000,3981356,1664668799999,50193473.79000,79873,1987613,25062054.07000,0
1664668800000,12.55000,12.60000,12.08000,12.13000,5005779,1664755199999,61849638.33000,94499,2394227,29590444.70000,0
1664755200000,12.13000,12.75000,11.99000,12.67000,7008469,1664841599999,86691429.12000,116558,3540018,43793932.42000,0
1664841600000,12.67000,13.04000,12.57000,12.98000,6164490,1664927999999,78802053.07000,112405,3173220,40575405.15000,0
1664928000000,12.97000,13.09000,12.48000,12.74000,5978428,1665014399999,76148085.81000,115682,2974460,37895142.99000,0
1665014400000,12.74000,13.03000,12.61000,12.67000,6231803,1665100799999,80145725.19000,120410,3115192,40067643.12000,0
1665100800000,12.67000,12.73000,12.33000,12.44000,4170690,1665187199999,52207452.59000,102694,1974929,24732632.90000,0
1665187200000,12.45000,12.56000,12.23000,12.33000,2077949,1665273599999,25847643.74000,64103,1004873,12506304.89000,0
1665273600000,12.33000,12.54000,12.27000,12.41000,2633568,1665359999999,32726827.22000,71730,1320619,16413231.97000,0
1665360000000,12.40000,12.61000,11.90000,11.91000,5609810,1665446399999,68943154.81000,108622,2666948,32795664.25000,0
1665446400000,11.92000,11.92000,11.40000,11.52000,7237992,1665532799999,84243847.44000,131190,3451574,40186579.87000,0
1665532800000,11.52000,11.72000,11.41000,11.53000,4680425,1665619199999,54085644.52000,97411,2273347,26276522.02000,0
1665619200000,11.54000,11.54000,10.00000,11.08000,15358767,1665705599999,165157744.09000,236245,7362752,79132551.33000,0
1665705600000,11.07000,11.50000,10.60000,10.80000,5514945,1665791999999,61452070.72000,118918,2658826,29634898.20000,0
1665792000000,10.81000,11.04000,10.70000,10.80000,3516120,1665878399999,38269145.54000,78683,1754079,19093037.80000,0
1665878400000,10.81000,11.18000,10.78000,11.03000,3693350,1665964799999,40604409.94000,79850,1847853,20319716.03000,0
1665964800000,11.02000,11.24000,10.85000,11.20000,4168853,1666051199999,46133543.99000,89332,2141503,23713528.85000,0
1666051200000,11.20000,11.28000,10.72000,10.92000,5869763,1666137599999,64554006.14000,118405,2860624,31483588.87000,0
1666137600000,10.93000,10.96000,10.00000,10.12000,7341508,1666223999999,76803051.01000,147002,3205482,33566903.45000,0
1666224000000,10.12000,10.16000,9.43000,9.56000,14978212,1666310399999,147462068.70000,242484,6934363,68326768.07000,0
1666310400000,9.55000,9.56000,8.61000,9.04000,40152174,1666396799999,361021300.04000,455243,20371989,183151306.03000,0
1666396800000,9.04000,9.28000,8.80000,8.97000,18731946,1666483199999,168232558.79000,255578,9423182,84669491.52000,0
1666483200000,8.97000,9.08000,8.64000,9.00000,17623165,1666569599999,155895005.70000,232553,8901003,78768465.72000,0
1666569600000,9.01000,9.01000,8.16000,8.38000,28662463,1666655999999,243747609.31000,328308,14198429,120778961.64000,0
1666656000000,8.38000,9.39000,8.32000,9.01000,85090679,1666742399999,764608181.26000,680936,44446079,399438551.43000,0
1666742400000,9.02000,9.48000,8.96000,9.13000,35553402,1666828799999,326161081.19000,327304,17731364,162731019.13000,0
1666828800000,9.13000,9.65000,8.93000,9.01000,34456819,1666915199999,319019626.41000,318921,17073032,158168936.44000,0
1666915200000,9.01000,9.23000,8.68000,9.11000,24904732,1667001599999,222852724.81000,240552,12498748,111912196.48000,0
1667001600000,9.10000,9.55000,9.10000,9.31000,19048702,1667087999999,176831711.19000,208754,9564026,88814643.25000,0
1667088000000,9.32000,10.33000,9.03000,9.24000,26513065,1667174399999,256121071.09000,292108,13350449,129084137.43000,0
1667174400000,9.23000,9.32000,8.94000,9.21000,16226808,1667260799999,148271332.66000,173593,7912417,72335384.50000,0
1667260800000,9.20000,9.29000,9.00000,9.10000,9945805,1667347199999,90974255.69000,118246,4792787,43852112.68000,0
1667347200000,9.10000,9.16000,8.42000,8.64000,18932402,1667433599999,166518249.44000,205433,9071397,79809067.46000,0
1667433600000,8.64000,9.05000,8.56000,8.76000,14561093,1667519999999,128515271.49000,155523,7313437,64553557.03000,0
1667520000000,8.75000,10.05000,8.67000,9.69000,20860423,1667606399999,193103796.31000,218017,10384911,96193448.87000,0
1667606400000,9.68000,11.84000,9.68000,10.61000,77278390,1667692799999,850663809.48000,786776,38736742,426458281.14000,0
1667692800000,10.61000,10.87000,9.71000,9.82000,24080356,1667779199999,250546545.05000,269614,11720650,122099171.53000,0
1667779200000,9.82000,10.35000,9.46000,9.78000,17260233,1667865599999,170660081.90000,217268,8676524,85854710.11000,0
1667865600000,9.78000,10.29000,6.12000,7.96000,42107367,1667951999999,371801894.86000,529508,20267013,179291791.65000,0
1667952000000,7.95000,8.02000,5.75000,6.02000,31067921,1668038399999,219747371.34000,427441,15091475,106655650.30000,0
1668038400000,6.01000,7.66000,5.90000,7.34300,25099186,1668124799999,173990692.91000,480779,12764710,88499022.63400,0
1668124800000,7.34300,7.42900,6.55000,6.98300,13043895,1668211199999,91203425.55600,377964,6374077,44571511.77100,0
1668211200000,6.98400,7.02600,6.43000,6.51200,7147504,1668297599999,47390626.98900,243385,3494655,23175728.83200,0
1668297600000,6.51200,13.34300,6.19100,7.01500,80195852,1668383999999,623824902.64900,1563661,39979541,311660144.94000,0
1668384000000,7.01200,7.56000,6.83100,7.27100,41989048,1668470399999,303668344.55000,974987,20589627,148994200.42500,0
1668470400000,7.27300,7.43700,7.06200,7.20900,15197431,1668556799999,110304146.52800,372979,7727564,56103496.71200,0
1668556800000,7.21000,7.34700,6.83500,7.05800,10881994,1668643199999,77380510.72200,275012,5482003,38997319.29200,0
1668643200000,7.05900,7.28000,6.91600,7.17400,10136141,1668729599999,72029498.63800,245421,4931522,35057169.10400,0
1668729600000,7.17600,7.29800,6.99700,7.18300,6712153,1668815999999,48141344.80400,168075,3329757,23880641.47600,0
1668816000000,7.18400,7.19200,6.92000,7.13800,4871274,1668902399999,34419961.21800,127071,2334837,16499229.43000,0
1668902400000,7.13900,7.17800,6.52100,6.56000,8273461,1668988799999,56895380.72700,189981,3788392,26058788.75100,0
1668988800000,6.55900,6.56800,6.06900,6.27000,12757227,1669075199999,80588949.54400,279472,6112959,38630300.09600,0
1669075200000,6.27000,7.05000,6.09700,6.85000,17547405,1669161599999,115661447.45700,345492,8939776,58925118.30700,0
1669161600000,6.85200,6.98200,6.70100,6.95100,9622585,1669247999999,65908358.45000,192923,4837632,33147865.70700,0
1669248000000,6.95100,6.96500,6.60000,6.77300,6735913,1669334399999,45661059.61800,144693,3268809,22158154.61600,0
1669334400000,6.77200,6.78100,6.53000,6.64900,4804708,1669420799999,31858111.84800,119790,2316325,15361522.02200,0
1669420800000,6.64900,6.77500,6.53200,6.64400,5770923,1669507199999,38535751.98400,127877,2846869,19017190.47700,0
1669507200000,6.64600,6.99000,6.57300,6.66300,8641312,1669593599999,58726732.08000,193517,4260432,28977067.35200,0
1669593600000,6.66300,6.85900,6.34900,6.55700,8559536,1669679999999,55872123.40800,203957,4092964,26733668.01100,0
1669680000000,6.55700,6.89600,6.46000,6.76200,6931311,1669766399999,46531727.11600,169179,3489011,23432423.25500,0
1669766400000,6.76300,7.05000,6.67600,7.00600,10836534,1669852799999,74635725.38300,246831,5277290,36361137.69500,0
1669852800000,7.00400,7.03700,6.76000,6.83500,5449945,1669939199999,37514829.97500,153461,2606763,17946137.56700,0
1669939200000,6.83500,7.07500,6.72500,7.03000,6954609,1670025599999,48024082.34300,168166,3501546,24192268.21100,0
1670025600000,7.03000,7.05200,6.63600,6.71700,5493784,1670111999999,37836428.22700,134033,2532101,17450775.04600,0
1670112000000,6.71700,6.90400,6.70900,6.86700,4139281,1670198399999,28139555.23000,103209,2078146,14132989.85100,0
1670198400000,6.86700,10.36300,6.86500,8.77000,183744489,1670284799999,1548111478.35500,2693196,94901754,799648454.98200,0
1670284800000,8.76900,9.66000,8.25000,8.75700,172062949,1670371199999,1524471209.90300,2473437,87087583,771951555.68600,0
1670371200000,8.75800,9.18700,8.11000,8.43600,103619812,1670457599999,899639683.63500,1435770,51592612,448128402.48000,0
1670457600000,8.43700,8.48000,7.92100,8.25300,62670318,1670543999999,511003111.61100,871862,31420251,256256883.94600,0
1670544000000,8.25300,8.30400,7.84100,8.00800,29576063,1670630399999,238221769.69300,411434,14336247,115492163.51000,0
1670630400000,8.00800,8.61800,7.85400,8.29200,72884586,1670716799999,609474252.00200,823823,36082079,301739961.55800,0
1670716800000,8.29300,8.35000,7.91000,8.04000,36363089,1670803199999,296706688.60300,431684,17720446,144648779.56300,0
1670803200000,8.04100,8.05400,7.48000,7.71200,32211967,1670889599999,247794355.39000,414137,15489533,119111261.71400,0
1670889600000,7.71200,7.82300,7.23000,7.69400,35365510,1670975999999,266665272.94300,431428,17388207,131118697.65900,0
1670976000000,7.69500,8.13000,7.40000,7.72600,39185006,1671062399999,307123855.96300,536592,19231433,150802978.85100,0
1671062400000,7.72600,7.78000,7.43500,7.48000,15835711,1671148799999,120218016.56200,261513,7728435,58666063.42500,0
1671148800000,7.48100,7.64000,6.49300,6.65200,25955678,1671235199999,185507950.03800,414720,12410848,88724116.16700,0
1671235200000,6.65200,6.99800,6.53200,6.93600,17664104,1671321599999,119650974.58300,278240,8918426,60430578.18700,0
1671321600000,6.93600,6.94500,6.75500,6.83600,8969953,1671407999999,61296314.36200,135279,4368648,29851159.03500,0
1671408000000,6.83600,7.14300,6.29300,6.53000,28095095,1671494399999,192742491.10600,407404,13914719,95506942.18900,0
1671494400000,6.53100,7.00500,6.52200,6.94700,18694724,1671580799999,127749337.35000,273374,9568333,65378350.35500,0
1671580800000,6.94800,6.98200,6.72100,6.83600,12189606,1671667199999,83284675.60800,199866,6050576,41346042.15600,0
1671667200000,6.83500,7.20400,6.67100,7.04400,35483561,1671753599999,247908519.19600,479283,17797953,124384145.13600,0
1671753600000,7.04500,7.17800,6.93800,7.07400,16188062,1671839999999,113836045.92100,240003,7886150,55471417.30500,0
1671840000000,7.07500,7.14000,6.92100,6.97400,9126464,1671926399999,64073661.11100,140413,4372189,30696586.18100,0
1671926400000,6.97400,7.05000,6.74000,6.88300,10598227,1672012799999,72994142.06900,163572,5097394,35115173.52200,0
1672012800000,6.88400,6.95500,6.74400,6.89100,14630426,1672099199999,100177401.59800,178246,7281387,49865573.55000,0
1672099200000,6.89100,6.92200,6.54600,6.70200,12392207,1672185599999,83301655.92100,172862,5991928,40295869.59300,0
1672185600000,6.70200,6.73300,6.13400,6.27800,21849697,1672271999999,138906699.32500,273722,10545545,67012534.31600,0
1672272000000,6.27800,6.33100,5.84300,6.16500,21802313,1672358399999,133385337.92200,280150,10761073,65870580.48500,0
1672358400000,6.16400,6.18400,5.83300,5.97600,19670539,1672444799999,117077469.59300,238368,9595785,57117855.55800,0
1672444800000,5.97500,6.09600,5.93200,6.04200,10963643,1672531199999,66036361.86600,135884,5426937,32686035.30300,0
1672531200000,6.04200,6.49200,5.92300,6.32200,20191853,1672617599999,124676317.08400,248003,10337936,63848110.88400,0
1672617600000,6.32200,6.47200,6.08000,6.39000,20718910,1672703999999,131023075.53100,269292,10193113,64488338.20000,0
1672704000000,6.39000,6.58000,6.31000,6.51700,18670544,1672790399999,120062525.43700,242327,9468920,60910889.11300,0
1672790400000,6.51800,6.78000,6.47400,6.64500,17423416,1672876799999,115698196.04300,249004,8593541,57081995.41900,0
1672876800000,6.64600,7.12400,6.58300,6.76500,27268354,1672963199999,186248899.24500,371055,13199802,90215984.19500,0
1672963200000,6.76500,6.86500,6.44100,6.82100,18262583,1673049599999,121377184.37300,250237,9023993,60004860.64800,0
1673049600000,6.82100,7.13500,6.77300,6.87900,19916570,1673135999999,138642819.71900,276113,9925679,69111319.79000,0
1673136000000,6.87900,7.25800,6.72500,7.20800,16667634,1673222399999,116132574.22600,228666,8117415,56565373.45300,0
1673222400000,7.20900,7.87600,7.18000,7.31900,31083287,1673308799999,230831214.57200,501649,15231338,113174932.80700,0
1673308800000,7.32100,7.58200,7.09500,7.48700,18933448,1673395199999,139895025.19600,330540,9245762,68325981.78300,0
1673395200000,7.48700,7.53800,7.11000,7.51300,15387002,1673481599999,112379022.86400,292316,7625773,55713346.62200,0
1673481600000,7.51400,8.13600,7.38900,7.96200,37242675,1673567999999,292225254.21600,634198,18158620,142518234.41100,0
1673568000000,7.96300,9.40200,7.78800,9.08200,35079549,1673654399999,294053810.33600,642972,17644251,147941707.46100,0
1673654400000,9.08200,10.24400,8.55200,9.37700,44632087,1673740799999,417366203.47100,996670,21864466,204601757.95400,0
1673740800000,9.37600,9.47700,8.70900,9.28900,24880057,1673827199999,225839819.75600,547035,12124717,110086676.83500,0
1673827200000,9.28800,9.54400,8.50000,8.95800,22121546,1673913599999,200661471.53300,466080,10446739,94803082.86200,0
1673913600000,8.95900,9.20900,8.58300,8.81000,17250288,1673999999999,154477109.93500,350366,8442006,75624610.49000,0
1674000000000,8.81000,9.00100,7.60000,8.01500,26005077,1674086399999,219911440.89800,523970,12377258,104727054.40300,0
1674086400000,8.01300,8.51000,8.00000,8.30500,15117896,1674172799999,124296238.66200,291810,7533996,61950254.80300,0
1674172800000,8.30500,9.14800,8.17000,9.08500,15550258,1674259199999,133351293.97900,310511,7714829,66187483.40700,0
1674259200000,9.08500,9.67100,8.71000,8.94400,21099708,1674345599999,195008334.93100,442077,10046417,92942473.61600,0
1674345600000,8.94500,12.60300,8.94500,12.51700,91074876,1674431999999,1000468005.41000,1908111,46182489,508206525.03400,0
1674432000000,12.51900,13.92400,11.98700,12.21300,117521056,1674518399999,1510792395.44000,2466549,58735576,755122994.37700,0
1674518400000,12.21400,12.49900,10.80000,11.09000,46974475,1674604799999,557318251.16800,1078735,22306098,264951118.73300,0
1674604800000,11.09100,12.29900,10.76200,11.72300,41066514,1674691199999,468974596.86600,983984,20060182,229141697.92000,0
1674691200000,11.72200,12.45800,11.28400,11.82500,40947450,1674777599999,488162281.14700,948113,19748896,235490314.66000,0
1674777600000,11.82500,11.98300,10.92000,11.51600,21110806,1674863999999,240627008.66800,573460,10121156,115438802.83600,0
1674864000000,11.51400,12.29600,11.20100,11.40700,24176847,1674950399999,283602652.60100,619231,11900131,139725737.89500,0
1674950400000,11.40400,12.36900,11.23200,12.22800,25313742,1675036799999,300519374.91300,654367,12447211,147811959.31800,0
1675036800000,12.22700,12.38800,10.30500,10.84400,24171724,1675123199999,273938990.08200,612913,11127311,126174101.91200,0
1675123200000,10.84500,11.00900,10.46200,10.88900,15443671,1675209599999,165721142.37500,405962,7380664,79224412.39400,0
1675209600000,10.88700,11.48000,10.19800,11.42000,19586250,1675295999999,210742102.11400,503172,9575524,103109880.27000,0
