1672531200000,5.172,5.234,5.124,5.223,531606.3,1672617599999,2756443.7561,20597,269463.2,1397185.9564,0
1672617600000,5.223,5.314,5.134,5.305,1215140.0,1672703999999,6361067.5042,37808,604011.5,3162407.3146,0
1672704000000,5.305,5.402,5.270,5.311,1422328.3,1672790399999,7584360.4687,42755,669246.4,3568955.1731,0
1672790400000,5.312,5.513,5.295,5.460,1600023.2,1672876799999,8674968.3122,48195,772789.1,4189499.5313,0
1672876800000,5.460,5.515,5.344,5.389,1241671.0,1672963199999,6743040.3435,38185,600823.4,3262148.4202,0
1672963200000,5.390,5.450,5.246,5.413,1624474.2,1673049599999,8671614.2229,52280,857596.9,4580355.6027,0
1673049600000,5.413,5.439,5.314,5.353,1079455.3,1673135999999,5795759.0233,39232,518377.2,2782964.5559,0
1673136000000,5.354,5.589,5.295,5.568,1335088.9,1673222399999,7239533.6431,42497,619575.7,3360680.1863,0
1673222400000,5.567,5.771,5.492,5.549,3059134.8,1673308799999,17229888.3606,87376,1549440.6,8726318.2687,0
1673308800000,5.548,5.775,5.465,5.674,2665438.4,1673395199999,15081144.7085,80622,1268164.3,7175428.2712,0
1673395200000,5.674,5.888,5.566,5.884,4128291.8,1673481599999,23531651.4328,107092,1978945.1,11282415.2364,0
1673481600000,5.884,6.169,5.774,6.087,3931147.7,1673567999999,23453900.4996,111270,1919667.6,11458429.6658,0
1673568000000,6.088,6.216,6.014,6.193,2352203.9,1673654399999,14355963.4827,74214,1153313.3,7037454.6955,0
1673654400000,6.194,6.850,6.183,6.574,3986350.7,1673740799999,26177299.3318,126543,1916152.8,12584137.1957,0
1673740800000,6.577,6.740,6.403,6.593,2105001.4,1673827199999,13824011.3110,70782,1012290.6,6646473.8902,0
1673827200000,6.593,6.806,6.390,6.728,2752895.0,1673913599999,18243454.3619,87973,1395486.8,9249881.7824,0
1673913600000,6.729,6.855,6.562,6.661,2555224.3,1673999999999,17129860.3631,98637,1213948.5,8143507.6786,0
1674000000000,6.663,6.870,6.196,6.307,2989675.9,1674086399999,19691987.6791,114192,1408291.3,9287369.0601,0
1674086400000,6.306,6.647,6.298,6.572,1843995.3,1674172799999,11923805.4656,70358,903972.9,5847931.5000,0
1674172800000,6.572,7.071,6.504,7.044,2451116.0,1674259199999,16477618.9308,86860,1235552.7,8302425.4302,0
1674259200000,7.044,7.155,6.808,6.844,2072066.9,1674345599999,14499895.7838,82186,960420.3,6721470.8227,0
1674345600000,6.847,7.112,6.725,6.842,1663619.4,1674431999999,11506987.2142,71197,807778.1,5589178.7995,0
1674432000000,6.842,7.089,6.793,6.926,2157134.9,1674518399999,14996705.7897,80550,1069001.8,7430529.3132,0
1674518400000,6.925,7.068,6.393,6.692,2788027.2,1674604799999,19104720.9718,96915,1362262.3,9337246.7904,0
1674604800000,6.691,7.013,6.554,6.911,2745833.6,1674691199999,18465079.6278,96879,1293532.0,8696809.5775,0
1674691200000,6.911,7.095,6.813,6.889,2765277.2,1674777599999,19222083.2875,101087,1366086.0,9500292.4219,0
1674777600000,6.889,6.981,6.701,6.915,3146129.8,1674863999999,21641010.7085,104497,1510101.4,10389143.3331,0
1674864000000,6.915,7.200,6.775,6.843,3722491.1,1674950399999,26074393.5553,118104,1737531.5,12181151.4208,0
1674950400000,6.843,7.165,6.750,7.140,2207948.2,1675036799999,15441709.4910,83950,1035726.7,7249117.0977,0
1675036800000,7.139,7.182,6.358,6.631,3380564.7,1675123199999,22923289.7003,127197,1568123.9,10635907.3783,0
1675123200000,6.632,6.736,6.543,6.681,1829501.2,1675209599999,12152436.1358,79734,887229.3,5894492.6793,0
1675209600000,6.680,7.053,6.497,6.981,2780575.5,1675295999999,18644140.1071,115361,1326647.4,8892448.3010,0
1675296000000,6.981,7.376,6.903,7.004,3350836.9,1675382399999,24018127.8873,123665,1630110.7,11686401.9840,0
1675382400000,7.003,7.191,6.863,7.096,1878057.2,1675468799999,13216670.4330,88718,932971.9,6567517.4222,0
1675468800000,7.096,7.270,7.003,7.074,2170825.1,1675555199999,15484575.5513,91697,1079986.1,7705225.2339,0
1675555200000,7.076,7.175,6.636,6.880,2202148.6,1675641599999,15258897.4489,96122,986781.0,6838155.8189,0
1675641600000,6.881,7.088,6.731,6.829,2050058.5,1675727999999,14185468.3577,84383,963316.4,6666370.0179,0
1675728000000,6.829,7.198,6.792,7.163,2755427.3,1675814399999,19285069.8460,100588,1347768.7,9433629.3274,0
1675814400000,7.163,7.262,6.756,6.981,2496133.8,1675900799999,17511319.4618,102353,1184147.1,8308649.1642,0
1675900800000,6.981,7.021,6.217,6.375,3962974.0,1675987199999,26611247.8932,140659,1852466.8,12437862.1001,0
1675987200000,6.376,6.433,6.225,6.336,2219454.9,1676073599999,14094753.6545,83507,1089354.4,6918248.1065,0
1676073600000,6.335,6.453,6.277,6.401,1184687.8,1676159999999,7534527.9730,61070,600032.7,3815955.3754,0
1676160000000,6.402,6.503,6.138,6.280,1690085.5,1676246399999,10793469.5541,75804,818316.2,5229021.6794,0
1676246400000,6.281,6.309,5.952,6.267,2541938.2,1676332799999,15664304.5308,100671,1244614.8,7669808.6427,0
1676332800000,6.266,6.565,6.163,6.427,2643301.1,1676419199999,16831933.6893,98017,1221555.0,7777244.1736,0
1676419200000,6.428,7.310,6.351,7.241,20262204.8,1676505599999,139632671.0576,633456,10250035.0,70645060.0700,0
1676505600000,7.242,7.501,6.986,7.016,5108247.7,1676591999999,37282920.7933,210478,2494711.9,18224123.3895,0
1676592000000,7.016,7.363,6.958,7.219,2624269.2,1676678399999,18855471.9849,136616,1276155.4,9171163.2743,0
1676678400000,7.217,7.439,7.169,7.357,1285286.5,1676764799999,9394655.3393,72003,652519.1,4770851.0913,0
1676764800000,7.358,7.499,7.050,7.257,2598833.3,1676851199999,18978776.9639,113305,1228179.4,8971813.5796,0
1676851200000,7.258,7.583,7.054,7.546,3050705.6,1676937599999,22619688.9331,141129,1508783.0,11190979.5321,0
1676937600000,7.546,7.594,7.072,7.239,2429896.3,1677023999999,17798398.0084,115791,1160287.9,8497454.7463,0
1677024000000,7.239,7.292,6.876,7.139,2544307.8,1677110399999,17990734.4404,107132,1215957.4,8596430.4750,0
1677110400000,7.137,7.377,7.044,7.262,2932726.1,1677196799999,21221914.3191,116670,1415349.0,10239081.7648,0
1677196800000,7.265,7.413,6.893,7.033,2965630.2,1677283199999,21340476.4930,117992,1450206.5,10428782.1165,0
1677283200000,7.033,7.092,6.714,6.982,1468687.1,1677369599999,10179070.1496,74960,702211.4,4870275.1025,0
1677369600000,6.982,7.129,6.917,7.093,1203803.0,1677455999999,8444421.7390,66580,618335.9,4336725.2395,0
1677456000000,7.094,7.157,6.862,7.039,1656433.5,1677542399999,11660111.3709,83379,786193.3,5536287.4000,0
1677542400000,7.038,7.300,6.877,7.066,3907707.3,1677628799999,27887075.2428,150824,2005764.3,14312458.8226,0
1677628800000,7.067,7.861,7.004,7.215,10982005.1,1677715199999,80891568.2791,390390,5402124.4,39806482.7795,0
1677715200000,7.216,7.259,6.900,6.967,2211746.2,1677801599999,15547845.9742,106528,1023352.4,7197347.2539,0
1677801600000,6.968,6.970,6.396,6.500,3014588.6,1677887999999,19836333.7747,134164,1389209.5,9139200.1838,0
1677888000000,6.500,6.532,6.272,6.369,1470737.4,1677974399999,9430460.6038,69293,715890.3,4591079.5128,0
1677974400000,6.369,6.479,6.260,6.330,1789909.6,1678060799999,11379784.8824,64513,858773.0,5460644.2654,0
1678060800000,6.329,6.527,6.269,6.383,2207164.5,1678147199999,14119014.2409,88557,1091851.0,6981749.4131,0
1678147200000,6.383,6.456,6.150,6.305,1964993.6,1678233599999,12419925.5391,82357,981311.7,6205486.5204,0
1678233600000,6.307,6.432,6.076,6.157,3653246.1,1678319999999,22904552.0970,131699,1770037.1,11099619.3354,0
1678320000000,6.158,6.268,5.569,5.710,2993319.2,1678406399999,17881545.3967,103690,1420324.4,8491920.5287,0
1678406400000,5.709,5.714,5.386,5.646,2974535.7,1678492799999,16569328.7675,100979,1460444.4,8129711.1686,0
1678492800000,5.646,5.811,5.522,5.783,2795108.8,1678579199999,15812118.8732,103598,1423478.9,8051893.1860,0
1678579200000,5.783,6.387,5.734,6.383,4625847.6,1678665599999,27660085.5011,151214,2287346.2,13689521.9277,0
1678665600000,6.384,6.652,6.109,6.582,4166210.4,1678751999999,26618967.9535,146803,2133351.4,13635494.2316,0
1678752000000,6.583,6.976,6.495,6.729,3539490.6,1678838399999,23758337.2253,167527,1814952.3,12181134.4152,0
1678838400000,6.729,6.877,6.146,6.266,3882720.7,1678924799999,25044991.6029,148670,1980005.1,12767117.6292,0
1678924800000,6.267,6.388,6.170,6.323,2615212.3,1679011199999,16450926.2770,106596,1350479.0,8495605.7498,0
1679011200000,6.323,6.758,6.263,6.754,1574597.9,1679097599999,10254312.8063,79748,770481.1,5014390.7414,0
1679097600000,6.753,7.085,6.659,6.697,2766402.9,1679183999999,19025357.2605,143485,1311066.5,9014838.0231,0
1679184000000,6.698,6.891,6.619,6.699,1926206.7,1679270399999,13004683.6084,104149,932005.6,6293664.9797,0
1679270400000,6.701,6.783,6.471,6.504,2203544.5,1679356799999,14621551.0310,136248,1169695.1,7760856.7583,0
1679356800000,6.505,6.830,6.345,6.733,2434558.9,1679443199999,16147854.1890,153447,1230652.3,8157489.7714,0
1679443200000,6.732,6.799,6.281,6.533,3367487.7,1679529599999,22291628.6323,176034,1608979.5,10648954.3367,0
1679529600000,6.532,7.072,6.465,7.045,2966552.0,1679615999999,20306775.7921,142643,1429630.3,9782269.4511,0
1679616000000,7.045,7.077,6.450,6.540,2690058.1,1679702399999,18105629.3713,156154,1262204.1,8489503.4700,0
1679702400000,6.540,6.770,6.422,6.662,2049528.5,1679788799999,13579693.4400,125146,1031156.2,6824173.5090,0
1679788800000,6.660,6.836,6.588,6.819,1783857.3,1679875199999,11968665.6244,89419,868953.3,5830579.0370,0
1679875200000,6.819,6.911,6.354,6.472,3589200.4,1679961599999,23807855.9224,174186,1766997.3,11709942.9089,0
1679961600000,6.471,7.020,6.384,6.926,6031759.8,1680047999999,40850861.0175,250972,3000658.9,20329612.9594,0
1680048000000,6.925,7.168,6.845,6.907,4869767.2,1680134399999,33947198.2097,182766,2446354.8,17058387.4132,0
1680134400000,6.908,7.065,6.737,6.828,2603389.3,1680220799999,17886039.4806,126977,1317142.2,9046764.7801,0
1680220800000,6.827,7.440,6.725,6.953,6944755.3,1680307199999,48591815.3266,238467,3343631.0,23416093.7097,0
1680307200000,6.953,7.076,6.859,6.980,1820947.1,1680393599999,12683649.6237,100331,840040.5,5852427.8845,0
1680393600000,6.979,7.030,6.679,6.802,1724611.3,1680479999999,11892679.0472,94138,822016.6,5667946.0213,0
1680480000000,6.803,6.887,6.567,6.761,2712868.4,1680566399999,18273975.7710,135645,1278903.0,8614312.8977,0
1680566400000,6.761,7.050,6.693,6.999,1835817.9,1680652799999,12729569.7590,101463,902290.6,6257489.6436,0
1680652800000,6.998,7.303,6.936,7.288,2142807.3,1680739199999,15334401.1974,111009,1083252.9,7752594.8881,0
1680739200000,7.285,7.288,6.976,7.102,1705505.8,1680825599999,12118129.0453,91970,817050.5,5805156.8726,0
1680825600000,7.102,7.139,6.907,7.053,1395635.7,1680911999999,9795969.8381,83544,688377.4,4833102.6743,0
1680912000000,7.053,7.116,6.863,6.897,1152792.1,1680998399999,8086899.1005,62649,584461.2,4102082.8975,0
1680998400000,6.896,7.020,6.764,6.955,1102431.8,1681084799999,7573556.9557,63129,566827.3,3893922.6356,0
1681084800000,6.954,7.335,6.849,7.313,2450901.2,1681171199999,17416563.2572,112901,1242791.2,8834941.6223,0
1681171200000,7.312,7.360,6.977,7.007,1877440.0,1681257599999,13501322.6584,91694,843921.4,6068633.4027,0
1681257600000,7.008,7.037,6.834,6.931,1966235.3,1681343999999,13621928.7079,98800,976448.6,6764392.0000,0
1681344000000,6.935,7.242,6.855,7.237,1410927.3,1681430399999,9971384.1724,77321,688395.0,4864039.9345,0
1681430400000,7.237,7.669,7.024,7.211,4220992.2,1681516799999,31097167.7770,159493,2032519.5,14982581.3104,0
1681516800000,7.211,7.316,7.071,7.231,1883414.0,1681603199999,13586844.6321,88782,900388.0,6497468.7360,0
1681603200000,7.230,7.290,7.103,7.227,1222072.2,1681689599999,8804979.4661,60835,595193.3,4288577.4579,0
1681689600000,7.226,7.237,6.996,7.142,1586498.7,1681775999999,11252038.5389,78473,734547.2,5211854.5371,0
1681776000000,7.143,7.252,7.010,7.146,1662359.1,1681862399999,11881070.7001,75377,769787.6,5501647.2035,0
1681862400000,7.146,7.147,6.384,6.500,2891590.9,1681948799999,19455545.1524,121999,1337321.2,8996642.0102,0
1681948800000,6.501,6.614,6.300,6.473,1928525.7,1682035199999,12509641.8554,87644,957652.2,6212533.6341,0
1682035200000,6.474,6.520,6.010,6.062,2243728.4,1682121599999,14122287.2224,93958,1066737.6,6711729.0057,0
1682121600000,6.063,6.216,6.062,6.189,1120831.2,1682207999999,6875809.2445,56015,582245.9,3571022.1681,0
1682208000000,6.189,6.282,6.013,6.155,1263024.5,1682294399999,7772749.5332,58144,650386.3,4001809.6242,0
1682294400000,6.155,6.262,5.931,5.990,2209483.6,1682380799999,13417507.3664,83403,1068108.1,6487277.2756,0
1682380800000,5.991,6.204,5.908,6.148,1586143.4,1682467199999,9515114.6860,68436,797949.4,4784954.2576,0
1682467200000,6.149,6.526,5.754,6.082,3726560.0,1682553599999,23186981.2868,135052,1820011.1,11347187.6057,0
1682553600000,6.083,6.302,5.998,6.214,2288148.1,1682639999999,14083237.9084,100057,1098677.5,6763565.7327,0
1682640000000,6.214,6.242,5.980,6.087,1760480.1,1682726399999,10769691.1453,77927,877097.4,5364006.5940,0
1682726400000,6.088,6.176,6.063,6.140,938193.0,1682812799999,5747539.5222,47850,484657.6,2969088.3625,0
1682812800000,6.140,6.181,5.960,6.001,1144345.4,1682899199999,6966582.8225,52089,555246.9,3381126.5642,0
1682899200000,6.002,6.035,5.775,5.894,1286831.1,1682985599999,7588673.0604,59172,621330.9,3664549.3011,0
1682985600000,5.895,6.056,5.839,6.029,1291558.9,1683071999999,7707163.4917,64563,613750.7,3662292.1019,0
1683072000000,6.029,6.161,5.903,6.138,1552658.6,1683158399999,9342505.9721,70367,749934.6,4512539.2745,0
1683158400000,6.138,6.146,6.030,6.057,993853.9,1683244799999,6048048.0933,54842,477140.3,2904370.2278,0
1683244800000,6.057,6.314,6.027,6.258,1531131.1,1683331199999,9453060.8561,71454,748350.5,4622369.3473,0
1683331200000,6.258,6.339,5.927,6.038,1732516.8,1683417599999,10604700.3874,75656,790990.0,4846486.0385,0
1683417600000,6.038,6.092,5.961,5.983,1344542.7,1683503999999,8118492.6632,59218,682585.0,4122862.9462,0
1683504000000,5.983,6.056,5.401,5.739,2663090.2,1683590399999,15344411.6241,96091,1293653.5,7457006.4984,0
1683590400000,5.739,5.810,5.646,5.734,1233004.6,1683676799999,7067334.7867,64904,592600.5,3396462.7144,0
1683676800000,5.735,5.880,5.390,5.622,2171221.1,1683763199999,12352302.6088,78657,1043606.5,5936400.4127,0
1683763200000,5.621,5.624,5.317,5.483,1797858.7,1683849599999,9857644.1770,80261,862297.9,4728311.2474,0
1683849600000,5.483,5.550,5.318,5.546,1384719.8,1683935999999,7527437.4091,67613,672489.9,3655222.0083,0
1683936000000,5.546,5.551,5.432,5.496,820477.5,1684022399999,4503788.8039,49079,395210.4,2169875.6550,0
1684022400000,5.497,5.632,5.441,5.543,1038689.0,1684108799999,5767042.4316,54287,497669.0,2762917.8821,0
1684108800000,5.544,5.619,5.446,5.547,1325062.7,1684195199999,7355623.6296,69681,624609.9,3467373.3216,0
1684195200000,5.546,5.627,5.420,5.496,1545527.5,1684281599999,8564428.3667,73398,768473.7,4257125.6877,0
1684281600000,5.497,5.628,5.356,5.568,1350556.2,1684367999999,7427709.7111,68993,642820.8,3534108.9389,0
1684368000000,5.569,5.599,5.374,5.495,1604219.2,1684454399999,8859652.8017,68309,763234.8,4216462.2449,0
1684454400000,5.496,5.572,5.427,5.469,1385640.9,1684540799999,7620250.3940,59951,684285.7,3763344.3035,0
1684540800000,5.470,5.470,5.299,5.333,2351074.1,1684627199999,12612682.2236,90225,1113810.2,5976507.1118,0
1684627200000,5.333,5.422,5.263,5.345,2040074.7,1684713599999,10900195.8741,86473,980472.7,5237898.3788,0
1684713600000,5.344,5.414,5.219,5.396,1564061.4,1684799999999,8332890.7090,68296,771916.2,4110980.1254,0
1684800000000,5.395,5.543,5.372,5.474,1218817.4,1684886399999,6645859.0611,58859,600257.3,3272073.6434,0
1684886400000,5.475,5.479,5.250,5.280,1563483.1,1684972799999,8360030.1952,63401,747387.9,3995966.2026,0
1684972800000,5.281,5.293,5.107,5.146,1626890.8,1685059199999,8445940.3048,66307,782918.8,4064014.4162,0
1685059200000,5.146,5.235,5.106,5.170,1157274.2,1685145599999,6005017.4281,51240,560063.1,2905006.0366,0
1685145600000,5.171,5.247,5.141,5.222,732697.6,1685231999999,3805716.0885,37506,354346.0,1840804.1134,0
1685232000000,5.223,5.404,5.184,5.362,1243718.4,1685318399999,6562433.5692,50290,576160.9,3041682.7200,0
1685318400000,5.363,5.514,5.306,5.358,1818034.4,1685404799999,9840576.5597,76156,907900.9,4914579.1360,0
1685404800000,5.358,5.436,5.305,5.357,965312.9,1685491199999,5182145.9993,46067,463602.2,2489127.0376,0
1685491200000,5.357,5.384,5.160,5.204,1385752.6,1685577599999,7260751.0835,55774,643589.1,3372548.1203,0
1685577600000,5.204,5.310,5.124,5.251,1048905.5,1685663999999,5490155.4160,44556,511746.2,2679241.4430,0
1685664000000,5.253,5.389,5.188,5.375,940724.5,1685750399999,5011181.8629,39968,435914.0,2322682.0918,0
1685750400000,5.375,5.379,5.142,5.195,824537.0,1685836799999,4349613.0404,38283,383986.9,2026710.5873,0
1685836800000,5.195,5.355,5.180,5.243,858844.9,1685923199999,4541576.5572,39779,413688.0,2187027.7719,0
1685923200000,5.243,5.251,4.606,4.925,2530029.0,1686009599999,12681087.1148,95556,1216779.7,6101624.2866,0
1686009600000,4.926,5.157,4.836,5.068,1226135.0,1686095999999,6092449.1619,55377,594653.1,2955845.9875,0
1686096000000,5.069,5.188,4.895,4.922,1998012.6,1686182399999,10066847.5536,80760,978837.7,4930395.3886,0
1686182400000,4.923,5.031,4.906,4.925,966699.0,1686268799999,4796255.5850,47480,457021.7,2267508.3309,0
1686268800000,4.926,4.986,4.833,4.885,998388.1,1686355199999,4905310.0316,44262,476574.5,2341144.6825,0
1686355200000,4.886,4.922,4.100,4.589,7097677.2,1686441599999,32116286.4941,205207,3476184.0,15733479.7998,0
1686441600000,4.590,4.597,4.404,4.457,1837591.9,1686527999999,8229320.0516,85197,930164.9,4164371.2192,0
1686528000000,4.457,4.499,4.321,4.477,1645264.4,1686614399999,7289024.9751,65293,822228.9,3642697.3154,0
1686614400000,4.477,4.532,4.374,4.404,1266680.0,1686700799999,5649335.2183,52373,603052.1,2688454.7633,0
1686700800000,4.403,4.554,4.162,4.264,1751363.9,1686787199999,7717012.6172,66525,831209.8,3660482.3859,0
1686787200000,4.265,4.332,4.121,4.260,2063945.1,1686873599999,8702396.3049,73031,1031029.1,4345263.4075,0
1686873600000,4.261,4.433,4.201,4.342,1294193.0,1686959999999,5561553.8039,55391,637516.0,2739063.9149,0
1686960000000,4.343,4.490,4.314,4.416,1116887.4,1687046399999,4931673.8457,47162,570825.9,2520365.2978,0
1687046400000,4.417,4.502,4.357,4.387,1238445.7,1687132799999,5478503.6990,51478,598901.3,2649184.0131,0
1687132800000,4.388,4.441,4.344,4.387,1585617.0,1687219199999,6950039.4144,62465,777033.9,3405995.6114,0
1687219200000,4.388,4.549,4.314,4.537,1581965.7,1687305599999,6994421.9240,62192,791533.6,3499942.3357,0
1687305600000,4.538,4.836,4.524,4.760,2278120.4,1687391999999,10660545.4626,77201,1143833.5,5353471.9876,0
1687392000000,4.761,4.896,4.663,4.703,1211275.2,1687478399999,5790480.0570,50972,602784.8,2881507.0035,0
1687478400000,4.702,4.872,4.658,4.747,1065647.3,1687564799999,5074170.8143,47405,542798.0,2584595.8319,0
1687564800000,4.748,4.849,4.675,4.739,1129573.0,1687651199999,5382190.6890,45895,555013.0,2644698.8364,0
1687651200000,4.742,5.017,4.724,4.855,2616681.8,1687737599999,12788658.1135,79757,1261793.7,6165626.4113,0
1687737600000,4.855,4.935,4.558,4.675,2747767.3,1687823999999,13058244.9118,94168,1305503.2,6198212.8778,0
1687824000000,4.675,4.800,4.618,4.792,1462330.6,1687910399999,6889898.5788,71412,725919.4,3422108.4626,0
1687910400000,4.792,4.794,4.397,4.508,2131082.9,1687996799999,9853978.1472,83850,1002041.4,4633845.9574,0
1687996800000,4.508,4.642,4.505,4.584,1261671.1,1688083199999,5773816.6943,60343,611779.8,2799751.0067,0
1688083200000,4.584,4.906,4.407,4.832,2892147.7,1688169599999,13600829.2976,104020,1440109.5,6771707.8697,0
1688169600000,4.831,4.897,4.764,4.890,1139881.6,1688255999999,5509386.4908,55284,539649.0,2608144.0993,0
1688256000000,4.890,4.911,4.727,4.893,1412141.2,1688342399999,6796416.0872,59815,679391.1,3268554.2302,0
1688342400000,4.894,4.983,4.856,4.969,1517176.2,1688428799999,7469172.1962,64065,742214.4,3654282.4903,0
1688428800000,4.969,5.008,4.776,4.833,1507774.3,1688515199999,7387219.1016,63229,747691.1,3662743.0131,0
1688515200000,4.834,4.919,4.683,4.737,1450288.1,1688601599999,6929620.4901,66774,731655.7,3494345.4535,0
1688601600000,4.738,4.923,4.554,4.558,1729766.8,1688687999999,8209286.9525,78709,864194.4,4102770.9938,0
1688688000000,4.559,4.650,4.512,4.633,1083453.8,1688774399999,4979760.4810,55044,533538.1,2452021.8228,0
1688774400000,4.633,4.636,4.513,4.585,728888.1,1688860799999,3339760.3536,48772,381360.1,1747236.9426,0
1688860800000,4.586,4.628,4.534,4.569,534444.6,1688947199999,2453730.1943,32798,259545.0,1191769.5507,0
1688947200000,4.568,4.688,4.453,4.605,1208181.2,1689033599999,5522296.9909,53662,610578.8,2790020.0052,0
1689033600000,4.605,4.629,4.545,4.597,586258.0,1689119999999,2688112.6377,39284,305628.3,1401507.7299,0
1689120000000,4.598,4.656,4.543,4.592,734147.5,1689206399999,3382136.0476,39941,351357.3,1619185.3746,0
1689206400000,4.593,5.015,4.540,4.981,1465121.3,1689292799999,7069533.0296,64568,702235.7,3386591.2721,0
1689292800000,4.982,5.058,4.640,4.772,2415478.4,1689379199999,11811702.5754,89570,1127679.9,5516902.7362,0
1689379200000,4.773,4.878,4.713,4.813,1221755.6,1689465599999,5867778.3593,60123,610251.0,2929167.5011,0
1689465600000,4.812,4.849,4.659,4.707,1319329.8,1689551999999,6273615.1358,60756,662190.6,3149125.0880,0
1689552000000,4.707,4.914,4.654,4.841,2884580.3,1689638399999,13853533.0932,85660,1372474.9,6589705.9208,0
1689638400000,4.842,4.892,4.573,4.705,1586008.0,1689724799999,7481728.9017,61312,773164.2,3648897.5991,0
1689724800000,4.703,4.760,4.607,4.622,947154.1,1689811199999,4443159.0997,50577,476227.7,2234351.8126,0
1689811200000,4.622,4.739,4.569,4.619,903648.0,1689897599999,4208341.1630,43538,448249.9,2087845.3660,0
1689897600000,4.619,4.747,4.587,4.656,1539511.1,1689983999999,7209626.5807,59517,748510.8,3504251.7044,0
1689984000000,4.657,4.697,4.420,4.481,1267094.2,1690070399999,5777912.9452,56233,566838.8,2584045.4638,0
1690070400000,4.481,4.638,4.448,4.569,999296.3,1690156799999,4552188.1832,54038,476500.8,2170375.1302,0
1690156800000,4.569,4.666,4.296,4.495,6504749.7,1690243199999,29531944.7105,168558,3139763.6,14262977.2114,0
1690243200000,4.494,4.558,4.436,4.483,2451584.3,1690329599999,11046116.9679,86475,1150560.3,5186154.5268,0
1690329600000,4.483,4.558,4.431,4.510,1851813.7,1690415999999,8317113.4553,72588,867647.9,3896926.6411,0
1690416000000,4.511,4.591,4.443,4.476,1048721.7,1690502399999,4738762.9972,54006,497216.8,2246485.1844,0
1690502400000,4.476,4.535,4.436,4.458,1170873.3,1690588799999,5246226.4710,54651,563080.8,2522841.1699,0
1690588800000,4.459,4.492,4.392,4.467,1119706.8,1690675199999,4970319.5882,57090,544381.8,2416121.6722,0
1690675200000,4.468,4.508,4.255,4.385,1609109.2,1690761599999,7129516.0258,62173,737291.1,3268715.8164,0
1690761600000,4.385,4.478,4.280,4.371,1467156.5,1690847999999,6454794.9209,65898,721090.5,3174268.0752,0
1690848000000,4.370,4.469,4.262,4.469,1239156.6,1690934399999,5424499.3237,59153,563414.9,2466664.6429,0
1690934400000,4.469,4.480,4.200,4.289,1764375.5,1691020799999,7641311.7727,73697,881433.9,3816770.7428,0
1691020800000,4.289,4.309,4.208,4.231,1281561.8,1691107199999,5464893.3870,51047,612047.6,2611471.8964,0
1691107200000,4.232,4.290,4.171,4.222,1017046.2,1691193599999,4308834.6380,47972,489840.4,2076104.3185,0
1691193600000,4.221,4.319,4.182,4.227,1247299.7,1691279999999,5299540.2015,49042,577937.0,2455947.2393,0
1691280000000,4.228,4.340,4.227,4.301,852789.8,1691366399999,3666292.3569,47475,433772.8,1864417.8181,0
1691366400000,4.301,4.381,4.131,4.268,2141708.4,1691452799999,9154207.1087,68263,1066787.2,4559279.2041,0
1691452800000,4.269,4.365,4.252,4.311,2290519.4,1691539199999,9872464.0762,75513,1119241.2,4825567.2355,0
1691539200000,4.310,4.368,4.230,4.288,1125421.8,1691625599999,4854194.4394,48930,528505.4,2279703.3368,0
1691625600000,4.288,4.296,4.201,4.217,775092.8,1691711999999,3285946.9426,43846,350847.6,1487414.7395,0
1691712000000,4.218,4.233,4.169,4.216,506455.4,1691798399999,2129423.6998,26835,245595.2,1032657.6092,0
1691798400000,4.216,4.260,4.170,4.254,609734.6,1691884799999,2567490.8121,37368,305354.8,1285367.2846,0
1691884800000,4.255,4.323,4.192,4.219,1081942.7,1691971199999,4614586.3226,47778,490005.1,2089852.0548,0
1691971200000,4.219,4.295,4.171,4.285,888319.1,1692057599999,3774499.4704,39074,409687.0,1741196.0516,0
1692057600000,4.285,4.288,3.796,4.094,2192066.7,1692143999999,9000022.7437,87081,1001218.7,4108602.9992,0
1692144000000,4.095,4.125,3.810,3.981,2271496.8,1692230399999,9101703.0288,88871,1120914.9,4491556.9110,0
1692230400000,3.981,4.028,3.138,3.683,3031195.7,1692316799999,11310929.9280,108409,1344018.1,5011939.2487,0
1692316800000,3.681,3.743,3.561,3.647,2059460.0,1692403199999,7519864.8789,68999,999016.5,3649306.3015,0
1692403200000,3.647,3.740,3.643,3.697,919421.8,1692489599999,3385469.7651,41428,450880.2,1660380.1760,0
1692489600000,3.698,3.714,3.626,3.658,744953.7,1692575999999,2730108.3540,36765,370994.3,1359526.5028,0
1692576000000,3.659,3.674,3.520,3.592,1131293.1,1692662399999,4078685.0730,46780,551510.1,1988935.4612,0
1692662400000,3.592,3.612,3.359,3.499,8354083.0,1692748799999,28890847.8343,141804,4109956.3,14216395.8967,0
1692748800000,3.500,3.670,3.482,3.618,2448334.8,1692835199999,8696401.6589,77255,1244640.6,4422272.6479,0
1692835200000,3.617,3.654,3.434,3.479,1432879.4,1692921599999,5060311.5547,56913,764423.7,2701137.2266,0
1692921600000,3.479,3.506,3.413,3.492,1356574.9,1693007999999,4696566.4599,47402,658674.7,2280065.6293,0
1693008000000,3.492,3.517,3.397,3.413,923922.7,1693094399999,3186273.0705,32769,444359.7,1530767.1794,0
1693094400000,3.413,3.522,3.334,3.517,2999637.5,1693180799999,10307741.9914,68980,1427441.6,4906651.9856,0
1693180800000,3.517,3.530,3.417,3.500,1328411.7,1693267199999,4625974.0103,50028,602200.8,2096301.6600,0
1693267200000,3.499,3.679,3.444,3.657,1908554.7,1693353599999,6824146.0453,57593,945212.6,3378894.5512,0
1693353600000,3.656,3.664,3.538,3.544,953750.4,1693439999999,3425544.1630,34740,450231.2,1616901.0263,0
1693440000000,3.544,3.610,3.403,3.442,1714494.0,1693526399999,6009329.0432,54450,877000.1,3073835.0379,0
1693526400000,3.441,3.478,3.319,3.368,1039411.6,1693612799999,3538020.3735,38946,462985.8,1576768.8377,0
1693612800000,3.368,3.410,3.338,3.397,517934.5,1693699199999,1747422.0966,28068,244780.0,825923.8523,0
1693699200000,3.397,3.397,3.293,3.344,694451.0,1693785599999,2317024.2300,31004,354376.7,1182512.2025,0
1693785600000,3.344,3.394,3.299,3.347,691061.4,1693871999999,2309653.4845,32558,350309.1,1170308.8067,0
1693872000000,3.347,3.429,3.299,3.371,738828.4,1693958399999,2492022.9124,31715,342872.7,1156478.5616,0
1693958400000,3.371,3.390,3.268,3.372,954953.8,1694044799999,3191113.6158,39609,472504.8,1578273.5295,0
1694044800000,3.372,3.474,3.350,3.466,1445623.6,1694131199999,4927996.0753,47477,664670.4,2265903.6691,0
1694131200000,3.465,3.498,3.315,3.340,1773027.2,1694217599999,6015502.7018,52538,906288.8,3071453.9231,0
1694217600000,3.339,3.421,3.331,3.391,894886.6,1694303999999,3032365.0814,32558,396510.1,1344109.3514,0
1694304000000,3.392,3.400,3.171,3.293,1346580.7,1694390399999,4456120.7605,42871,620216.9,2052755.6211,0
1694390400000,3.293,3.306,3.114,3.156,1493479.5,1694476799999,4794199.2594,49837,735351.7,2360604.6508,0
1694476800000,3.156,3.274,3.140,3.193,1315219.2,1694563199999,4218724.2735,48286,645210.6,2069725.4422,0
1694563200000,3.193,3.242,3.151,3.212,1136022.6,1694649599999,3633519.8455,45481,551484.9,1764317.2884,0
1694649600000,3.211,3.339,3.202,3.302,1258119.5,1694735999999,4132465.5805,46239,595834.9,1957059.2615,0
1694736000000,3.302,3.350,3.231,3.338,1243694.8,1694822399999,4086116.2066,45324,608184.1,1998201.4575,0
1694822400000,3.338,3.387,3.281,3.349,1186788.6,1694908799999,3960803.4666,41922,573689.8,1913553.3966,0
1694908800000,3.350,3.354,3.188,3.220,1434091.3,1694995199999,4674581.4820,47518,702655.1,2289104.2346,0
1694995200000,3.220,3.387,3.184,3.305,1595552.8,1695081599999,5278477.3249,50687,770663.7,2549031.9147,0
1695081600000,3.305,3.367,3.266,3.274,1183186.8,1695167999999,3912240.8740,37603,530789.5,1754922.5335,0
1695168000000,3.275,3.443,3.190,3.232,3999125.8,1695254399999,13180718.4021,87910,1945063.1,6415698.2466,0
1695254400000,3.231,3.250,3.122,3.135,1931967.1,1695340799999,6160339.0177,53151,926049.2,2955067.4509,0
1695340800000,3.135,3.213,3.080,3.189,1294359.4,1695427199999,4075024.5478,43592,618650,1948647.8955,0
1695427200000,3.191,3.220,3.117,3.141,913598.3,1695513599999,2889781.2470,33263,446360.8,1412283.1317,0
1695513600000,3.140,3.162,3.063,3.092,1039476.9,1695599999999,3252456.9381,35773,485432.5,1518839.0063,0
1695600000000,3.091,3.179,3.047,3.174,994708,1695686399999,3114577.4157,32931,454777.7,1423657.8839,0
1695686400000,3.175,3.214,3.150,3.204,1258425.8,1695772799999,4003146.2503,36540,613565.3,1952214.7133,0
1695772800000,3.203,3.299,3.187,3.202,2079175.8,1695859199999,6718817.1366,53970,963090.4,3112507.2129,0
1695859200000,3.203,3.343,3.198,3.342,1183350.8,1695945599999,3879345.8552,39669,598136,1961548.3318,0
1695945600000,3.341,3.377,3.283,3.349,979134.5,1696031999999,3267024.5654,32994,456164.6,1522538.3394,0
1696032000000,3.350,3.383,3.288,3.313,994213.3,1696118399999,3320614.5379,32178,475375.2,1587623.8776,0
1696118400000,3.314,3.492,3.294,3.450,1876577.5,1696204799999,6339809.5495,51963,942581.6,3182963.0335,0
1696204800000,3.451,3.526,3.240,3.312,1851805.6,1696291199999,6305695.9359,54205,847936,2885921.7627,0
1696291200000,3.312,3.357,3.214,3.249,1073529.5,1696377599999,3526067.2813,34911,518592.3,1702329.6648,0
1696377600000,3.249,3.294,3.135,3.272,1279862,1696463999999,4137054.3289,41597,609969.1,1971762.1448,0
1696464000000,3.271,3.291,3.184,3.219,862150.9,1696550399999,2789502.5043,35278,410698.9,1328740.6758,0
1696550400000,3.219,3.332,3.187,3.289,1296310.7,1696636799999,4230546.3766,38499,651810.6,2127122.0539,0
1696636800000,3.290,3.314,3.219,3.226,1286672.6,1696723199999,4205579.8976,38860,598548.9,1955964.4931,0
1696723200000,3.225,3.237,3.171,3.212,1204616.6,1696809599999,3864171.9462,40021,574294.7,1842343.4505,0
1696809600000,3.212,3.230,2.971,3.038,2301603.4,1696895999999,7103671.3438,57684,1031687.3,3183397.5446,0
1696896000000,3.038,3.133,3.024,3.078,1254150.2,1696982399999,3863246.0105,38911,603587.1,1858929.5060,0
1696982400000,3.079,3.091,3.010,3.083,1234222.6,1697068799999,3765620.6502,38178,615470.9,1878539.3150,0
1697068800000,3.083,3.083,2.975,2.993,992691.3,1697155199999,3000153.9719,34444,434662.5,1313185.7095,0
1697155200000,2.992,3.063,2.965,3.009,1291833.4,1697241599999,3895573.5664,42029,612258.4,1845988.4539,0
1697241600000,3.010,3.076,3.005,3.040,633720.8,1697327999999,1928272.7630,28463,307370,934846.4508,0
1697328000000,3.039,3.112,3.031,3.066,1447708.9,1697414399999,4449423.1222,38827,660837.7,2030823.6756,0
1697414400000,3.066,3.201,3.051,3.091,1538003,1697500799999,4769398.8800,51037,781762.7,2422649.8085,0
1697500800000,3.091,3.113,2.967,3,1334303.6,1697587199999,4057800.9932,39906,622922.8,1893988.6694,0
1697587200000,3,3.035,2.956,2.967,1128090.4,1697673599999,3376283.5856,34186,518284.5,1551378.3180,0
1697673600000,2.966,2.976,2.890,2.947,1066420.5,1697759999999,3138642.6997,31730,521880.8,1536626.4353,0
1697760000000,2.947,3.063,2.937,3.006,1170171.1,1697846399999,3526167.7864,34071,551081.7,1661007.6325,0
1697846400000,3.007,3.109,2.983,3.090,1363706.1,1697932799999,4163961.7064,37499,685165.3,2091341.6094,0
1697932800000,3.089,3.135,3.015,3.130,1519700.4,1698019199999,4664777.4280,36142,735994.9,2258258.7158,0
1698019200000,3.129,3.361,3.105,3.318,2366912.4,1698105599999,7564621.5289,60014,1160916.6,3708377.4121,0
1698105600000,3.319,3.498,3.259,3.331,2910849.2,1698191999999,9800884.6848,78479,1385137.2,4663124.8562,0
1698192000000,3.331,3.427,3.254,3.377,2166776.8,1698278399999,7257757.0677,54586,1053659.8,3528058.5560,0
1698278400000,3.377,3.498,3.283,3.416,2152473.4,1698364799999,7318771.6949,61531,1021684.4,3472708.7082,0
1698364800000,3.417,3.425,3.247,3.311,1497330.9,1698451199999,5001582.8019,41805,731987.8,2443056.7335,0
1698451200000,3.311,3.429,3.307,3.380,1107672.6,1698537599999,3759886.7616,32062,489874,1662577.5665,0
1698537600000,3.381,3.481,3.325,3.444,1325236.5,1698623999999,4533012.3056,36872,644349.1,2204825.5532,0
1698624000000,3.444,3.515,3.343,3.483,1580457.7,1698710399999,5457521.5570,48131,755260,2608679.4658,0
1698710400000,3.484,3.525,3.285,3.393,1709009.3,1698796799999,5828542.6898,53986,834896.7,2845862.9985,0
1698796800000,3.394,3.582,3.308,3.563,2231974.1,1698883199999,7688319.6113,67111,1012165.4,3482965.5294,0
1698883200000,3.564,3.652,3.365,3.393,4380964.2,1698969599999,15366212.7658,108706,2130882.4,7468931.7300,0
1698969600000,3.393,3.428,3.266,3.317,3583453.2,1699055999999,11967982.2208,88914,1717582,5735828.6141,0
1699056000000,3.317,3.562,3.298,3.511,2664260.3,1699142399999,9123310.5334,72571,1271167.5,4351522.1111,0
1699142400000,3.510,3.726,3.493,3.682,4989867,1699228799999,18138993.3868,121994,2368763.7,8616429.5357,0
1699228800000,3.681,3.788,3.600,3.742,3592344.9,1699315199999,13313266.7795,94600,1660969.5,6159239.3323,0
1699315200000,3.743,3.761,3.556,3.657,3329845.4,1699401599999,12259481.3455,94121,1522924.4,5608652.1331,0
1699401600000,3.656,3.822,3.621,3.788,2592821.6,1699487999999,9685395.6903,79172,1227757.4,4584685.1981,0
1699488000000,3.787,3.956,3.008,3.934,6327142.8,1699574399999,23707363.9311,193224,2851362.1,10709682.7278,0
1699574400000,3.935,4.075,3.841,4.009,4308746.7,1699660799999,17158203.6156,131949,1973384.5,7861153.4606,0
1699660800000,4.011,4.083,3.825,4.060,3326102.2,1699747199999,13240530.6728,103737,1528071.5,6078626.3692,0
1699747200000,4.062,4.168,3.893,4.082,2877070.6,1699833599999,11693991.9949,96061,1331640.9,5412348.5597,0
1699833600000,4.083,4.200,3.934,3.964,2861080.6,1699919999999,11660949.7562,109549,1384035.5,5639063.1356,0
1699920000000,3.964,4.011,3.677,3.839,2394424.4,1700006399999,9299784.4068,91151,1123237.1,4367774.3247,0
1700006400000,3.840,4.060,3.830,4.034,1785707.7,1700092799999,7069358.1554,69510,833328.5,3302200.6630,0
1700092800000,4.035,4.073,3.622,3.708,3300421.8,1700179199999,12704158.2455,100192,1627373.5,6270571.0244,0
1700179200000,3.707,3.789,3.507,3.638,2320431.7,1700265599999,8448873.1126,78786,1070385.6,3899942.9507,0
1700265600000,3.638,3.658,3.468,3.636,1963594.6,1700351999999,7063778.3349,80483,953002.5,3426898.4620,0
1700352000000,3.636,3.732,3.539,3.724,1346517,1700438399999,4900515.6635,52208,662111.6,2408224.6923,0
1700438400000,3.723,3.817,3.650,3.714,1798035.4,1700524799999,6726875.3907,66741,851053.4,3184504.5039,0
1700524800000,3.714,3.775,3.399,3.426,2876506.6,1700611199999,10282045.3311,103949,1357814.5,4849631.6407,0
1700611200000,3.426,3.725,3.416,3.693,1605741.9,1700697599999,5763269.0886,62182,745778.8,2676170.7489,0
1700697600000,3.692,3.766,3.638,3.701,1351917.7,1700783999999,5009743.8294,55338,654129.7,2424264.4973,0
1700784000000,3.701,3.877,3.686,3.815,1212050,1700870399999,4613191.2261,53472,576793.6,2196568.9430,0
1700870400000,3.816,3.885,3.750,3.824,1067610.8,1700956799999,4083270.9068,44339,490750.3,1877017.8670,0
1700956800000,3.825,3.840,3.664,3.805,1112148.1,1701043199999,4198734.0005,57035,550319.6,2077409.3533,0
1701043200000,3.804,3.825,3.533,3.627,1971277.7,1701129599999,7251677.5977,75738,893447.2,3288158.0655,0
1701129600000,3.627,3.734,3.529,3.685,1996441.6,1701215999999,7265780.1639,79519,944945.5,3438944.0659,0
1701216000000,3.685,3.756,3.611,3.657,1510065.8,1701302399999,5554213.8981,68098,780167.4,2870077.5090,0
1701302400000,3.658,3.757,3.637,3.666,1599484.5,1701388799999,5910878.2974,67002,754109.7,2785860.0140,0
1701388800000,3.667,3.839,3.637,3.822,1865180.8,1701475199999,7039386.7667,70522,928597.6,3503527.5252,0
1701475200000,3.822,3.965,3.792,3.947,1267256.8,1701561599999,4914332.8268,54304,624950.1,2423415.6457,0
1701561600000,3.948,4.099,3.904,4.048,1662038.5,1701647999999,6620889.9348,61299,797128.1,3175318.9173,0
1701648000000,4.048,4.375,3.880,4.346,5042819.5,1701734399999,20906399.8755,162319,2411089.1,10006270.8899,0
1701734400000,4.346,4.355,4.168,4.313,5036053.7,1701820799999,21446760.8517,162401,2383178.2,10153295.6673,0
1701820800000,4.313,4.347,4.089,4.147,2771160.5,1701907199999,11710966.5980,108581,1271499.9,5373322.4486,0
1701907200000,4.147,4.355,4.066,4.343,2739056.3,1701993599999,11575319.8060,103812,1276672.6,5396609.6224,0
1701993600000,4.342,4.395,4.256,4.368,1971213.5,1702079999999,8531251.5970,81174,904311.4,3914827.1690,0
1702080000000,4.367,4.508,4.263,4.309,2246631.4,1702166399999,9859187.6742,85775,1032846.9,4532993.5668,0
1702166400000,4.309,4.431,4.228,4.374,1393090.9,1702252799999,6042034.5336,61349,698099.4,3026319.9042,0
1702252800000,4.374,4.382,3.587,3.974,4136881,1702339199999,16542020.1440,149281,1919811.9,7682897.9451,0
1702339200000,3.974,4.121,3.933,4.061,3217930.5,1702425599999,13009510.1645,115027,1479790.8,5984004.1800,0
1702425600000,4.063,4.112,3.860,4.064,3009157.4,1702511999999,12024221.6294,115027,1463427.8,5847763.1306,0
1702512000000,4.064,4.146,3.885,4.127,3138124.5,1702598399999,12759246.1303,103829,1516501.6,6166383.4636,0
1702598400000,4.127,4.153,3.883,3.903,1735417.7,1702684799999,6963423.4954,72497,834176.6,3345109.6680,0
1702684800000,3.902,4.072,3.859,4.036,1644137,1702771199999,6590122.9174,65784,770454.9,3085997.1245,0
1702771200000,4.036,4.042,3.867,3.883,1699333.7,1702857599999,6739902.3085,66785,856201.5,3394567.3529,0
1702857600000,3.882,3.920,3.653,3.912,2766480.7,1702943999999,10493074.8487,87900,1326135.5,5031214.9359,0
1702944000000,3.912,4.066,3.804,3.839,3488664.9,1703030399999,13759524.9042,111448,1655476.1,6534251.8650,0
1703030400000,3.839,4.049,3.814,3.909,2841676.8,1703116799999,11220226.9463,92147,1301959.6,5136250.8079,0
1703116800000,3.909,4.076,3.887,4.046,2668819.2,1703203199999,10672897.1796,93229,1237120.9,4945946.4064,0
1703203200000,4.048,4.172,4.016,4.163,2253055.0,1703289599999,9227518.4087,93894,1046700.2,4287177.7662,0
1703289600000,4.164,4.220,4.013,4.198,1632188.8,1703375999999,6718048.6471,68300,773903.9,3187416.9100,0
1703376000000,4.198,4.243,3.998,4.085,2553327.8,1703462399999,10609488.9240,95006,1178958.9,4901084.8526,0
1703462400000,4.086,4.333,4.056,4.264,3077385.9,1703548799999,13029455.8123,104068,1389080.0,5879102.5302,0
1703548800000,4.264,4.563,3.876,4.535,6822143.2,1703635199999,29490081.1411,205457,3376987.1,14612532.7573,0
1703635200000,4.535,4.914,4.380,4.677,10032004.6,1703721599999,46574112.1423,310059,4840892.8,22486247.6056,0
1703721600000,4.678,4.784,4.333,4.377,5443973.5,1703807999999,24819143.6053,188452,2444343.9,11150158.7650,0
1703808000000,4.377,4.468,4.157,4.300,4343109.5,1703894399999,18923118.1658,148646,1955145.0,8524842.7652,0
1703894400000,4.301,4.341,4.188,4.282,1489445.2,1703980799999,6365841.0690,63546,698640.1,2986404.8793,0
1703980800000,4.281,4.328,4.046,4.264,2612723.1,1704067199999,11137657.9222,95317,1267082.3,5404935.3154,0
1704067200000,4.264,4.594,4.212,4.574,4810783.1,1704153599999,21285194.9908,166212,2286055.6,10116184.6835,0
1704153600000,4.575,4.663,4.422,4.538,3670119.4,1704239999999,16690467.2835,132158,1662087.1,7558571.8654,0
1704240000000,4.539,4.608,3.552,4.039,5610599.2,1704326399999,23327233.6121,249729,2588436.8,10772740.9390,0
1704326400000,4.040,4.292,3.982,4.254,2900787.2,1704412799999,12068811.9575,108123,1364217.8,5675380.9976,0
1704412800000,4.255,4.277,3.969,4.130,3000617.2,1704499199999,12358949.0345,106012,1425616.0,5870520.5375,0
1704499200000,4.131,4.132,3.902,3.975,2172312.5,1704585599999,8690934.1772,72764,1010788.1,4042971.9337,0
1704585600000,3.975,4.025,3.713,3.755,2058746.8,1704671999999,8040356.4438,74816,972011.6,3797470.4620,0
1704672000000,3.756,4.006,3.566,3.957,3344416.8,1704758399999,12542831.1791,109956,1607525.1,6029277.2571,0
1704758400000,3.959,3.972,3.681,3.843,3379711.1,1704844799999,12840733.5411,98917,1650601.7,6267205.4549,0
1704844800000,3.841,4.319,3.822,4.307,3762332.2,1704931199999,15132227.4994,146581,1801529.1,7244078.2882,0
1704931200000,4.308,4.536,4.250,4.379,2822001.7,1705017599999,12367700.0952,132617,1343906.0,5888590.8144,0
1705017600000,4.378,4.490,4.049,4.182,2403885.7,1705103999999,10375913.1293,115972,1119498.0,4832429.2243,0
1705104000000,4.182,4.388,4.057,4.365,1758953.2,1705190399999,7470096.3179,76491,867019.6,3684061.5959,0
1705190400000,4.366,4.412,4.181,4.189,2199422.4,1705276799999,9534293.2623,91083,1038246.4,4500944.6999,0
1705276800000,4.189,4.285,4.125,4.158,1685066.3,1705363199999,7109595.6586,71781,777687.9,3280959.3230,0
1705363200000,4.157,4.334,4.145,4.269,2221184.4,1705449599999,9440405.0628,94108,1069197.9,4543658.5616,0
1705449600000,4.269,4.305,4.082,4.130,1489053.9,1705535999999,6216775.1639,66737,672890.6,2810009.1844,0
1705536000000,4.130,4.178,3.860,3.951,2173432.9,1705622399999,8771056.6892,85351,1014833.5,4097083.8175,0
1705622400000,3.952,3.992,3.763,3.990,2065403.8,1705708799999,8059367.2953,76835,1023344.6,3992112.6154,0
1705708800000,3.990,4.048,3.912,3.994,1607749.4,1705795199999,6400043.7721,53917,774843.8,3085546.0247,0
1705795200000,3.994,4.045,3.915,3.925,1102786.6,1705881599999,4404163.4742,44980,521685.0,2083728.2709,0
1705881600000,3.926,3.953,3.670,3.693,2199330.3,1705967999999,8365169.3544,83978,1081901.4,4115390.5771,0
1705968000000,3.694,3.779,3.400,3.561,2151171.8,1706054399999,7646492.3529,80386,1009583.0,3588718.6108,0
1706054400000,3.561,3.623,3.507,3.596,1657635.8,1706140799999,5902087.3809,61118,817175.0,2908984.3994,0
1706140800000,3.595,3.609,3.472,3.563,1178197.8,1706227199999,4185941.0854,53170,550611.8,1956474.8671,0
1706227200000,3.563,3.701,3.536,3.676,1174922.6,1706313599999,4261798.5522,43026,529597.6,1920395.7890,0
1706313600000,3.678,3.704,3.615,3.654,817176.1,1706399999999,2989766.1997,30400,393020.9,1437678.4326,0
1706400000000,3.654,3.719,3.563,3.611,1582955.5,1706486399999,5773744.5461,53027,800313.3,2920298.6069,0
1706486400000,3.611,3.734,3.581,3.726,1193365.9,1706572799999,4370292.0130,44094,554658.4,2032171.4570,0
1706572800000,3.726,3.789,3.670,3.720,1451861.5,1706659199999,5413586.6411,47530,698463.5,2604935.9580,0
1706659200000,3.721,3.743,3.563,3.610,1932837.2,1706745599999,7078853.9159,64382,906804.6,3318686.7596,0
1706745600000,3.610,3.627,3.526,3.598,1426877.6,1706831999999,5104292.1951,49968,673974.0,2410096.0762,0
