1672531200000,0.199900,0.202300,0.198400,0.200800,161084416,1672617599999,32245666.969300,62869,81300180,16278394.759400,0
1672617600000,0.200800,0.213400,0.197200,0.210200,542632721,1672703999999,111992494.003700,170243,275621652,56878699.703400,0
1672704000000,0.210300,0.218600,0.208200,0.214100,553287441,1672790399999,118363860.349300,183553,273843943,58592334.336200,0
1672790400000,0.214100,0.222800,0.211400,0.218400,636043709,1672876799999,138664150.135900,186111,311677556,67970209.748700,0
1672876800000,0.218500,0.223400,0.213400,0.216000,498367958,1672963199999,108806818.511400,152237,244102498,53307445.125800,0
1672963200000,0.216000,0.222600,0.212100,0.220900,500622538,1673049599999,108594298.559900,149516,249807834,54201388.894000,0
1673049600000,0.221000,0.229500,0.220900,0.226900,339715289,1673135999999,76628598.884900,125569,172394472,38886071.574700,0
1673136000000,0.227000,0.238100,0.222000,0.237200,513214322,1673222399999,117214918.399500,165443,259637035,59351267.825500,0
1673222400000,0.237100,0.251000,0.233400,0.236500,859671666,1673308799999,209592978.801900,301208,426512120,104042261.725600,0
1673308800000,0.236500,0.246400,0.231600,0.243000,436005327,1673395199999,104139453.854300,173159,213719137,51069394.484700,0
1673395200000,0.242900,0.258300,0.234800,0.255800,588807840,1673481599999,142994009.550500,247473,294722279,71638197.094200,0
1673481600000,0.255800,0.280000,0.241000,0.272800,1309827725,1673567999999,341928165.976200,516345,656158149,171384953.126500,0
1673568000000,0.272900,0.306000,0.268300,0.293100,1379030241,1673654399999,394251549.709100,629734,689695354,197207212.698100,0
1673654400000,0.293100,0.358300,0.291700,0.346500,1631931186,1673740799999,526444004.625000,1007937,798666387,257789929.187200,0
1673740800000,0.346500,0.350200,0.315400,0.326200,822202650,1673827199999,269393521.763800,514002,393840093,129099702.039700,0
1673827200000,0.326200,0.339000,0.303500,0.318500,639250535,1673913599999,206821156.863200,413314,300329873,97252955.794600,0
1673913600000,0.318500,0.341000,0.310900,0.324400,537323519,1673999999999,175771727.689400,349192,264110347,86437877.360400,0
1674000000000,0.324400,0.343000,0.294400,0.297900,741476757,1674086399999,235283973.828800,511685,354705216,112667272.303000,0
1674086400000,0.297800,0.308700,0.288800,0.304100,421236318,1674172799999,126847129.378700,268695,206318630,62172551.462200,0
1674172800000,0.304200,0.355300,0.297300,0.346800,648764951,1674259199999,206776551.579100,402643,330175431,105296142.828400,0
1674259200000,0.346800,0.364400,0.332600,0.341300,801741844,1674345599999,280258596.082900,566557,384279505,134445191.994600,0
1674345600000,0.341200,0.406700,0.337400,0.380500,1025649388,1674431999999,383881749.201100,876858,507036366,189711908.619000,0
1674432000000,0.380500,0.412900,0.371600,0.402400,1061092429,1674518399999,416605364.898000,896857,521053584,204714908.316000,0
1674518400000,0.402400,0.427900,0.370100,0.375900,805624624,1674604799999,324989835.160700,713026,389536903,157269166.743200,0
1674604800000,0.376000,0.420600,0.361100,0.410600,1027074219,1674691199999,409687670.436300,895031,509473875,203401919.910100,0
1674691200000,0.410700,0.499600,0.403600,0.484500,1837626532,1674777599999,850605326.242100,1604157,924209789,427932678.555200,0
1674777600000,0.484400,0.493300,0.455400,0.467300,978071397,1674863999999,460248163.587100,873735,475514396,223837334.536200,0
1674864000000,0.467300,0.483200,0.440200,0.448600,531746623,1674950399999,243788399.637200,498458,253307158,116217887.707300,0
1674950400000,0.448700,0.498500,0.444100,0.491000,847819338,1675036799999,403260429.699300,771684,422821879,201129525.930900,0
1675036800000,0.491000,0.494000,0.452900,0.482800,1012381869,1675123199999,479048861.277900,894024,489066199,231567900.030800,0
1675123200000,0.482800,0.554800,0.465700,0.537400,1738779805,1675209599999,883515519.011300,1462628,868990841,441847196.099800,0
1675209600000,0.537400,0.597900,0.495800,0.576300,1288050255,1675295999999,690096635.810100,1347516,632100024,339116128.992500,0
1675296000000,0.576300,0.647900,0.564300,0.608600,1359992778,1675382399999,825067794.859000,1352779,673893037,408754753.887000,0
1675382400000,0.608600,0.656500,0.596700,0.633300,1275691055,1675468799999,798933277.419300,1349783,625639953,391877683.983100,0
1675468800000,0.633400,0.648600,0.606700,0.616100,586881179,1675555199999,368913252.971900,662396,284468704,178892694.713300,0
1675555200000,0.616100,0.622000,0.546100,0.568200,695278967,1675641599999,406058843.044100,736224,337126018,196833298.743800,0
1675641600000,0.568100,0.580000,0.524500,0.527100,773847031,1675727999999,429659513.310100,784055,373859954,207744797.005300,0
1675728000000,0.527200,0.595000,0.524200,0.588800,847028932,1675814399999,467163343.400500,819988,421256566,232423556.062300,0
1675814400000,0.588700,0.603100,0.513900,0.526300,813734544,1675900799999,451105263.139600,761649,393276271,218026797.817900,0
1675900800000,0.526300,0.531300,0.431200,0.448700,1305252795,1675987199999,633147353.929100,1118503,626978695,304235202.663000,0
1675987200000,0.448700,0.459400,0.427100,0.435700,1006108554,1676073599999,449270547.391100,828188,499067963,223018908.118200,0
1676073600000,0.435700,0.489700,0.417000,0.479600,1072059036,1676159999999,475129821.348300,885339,533334093,236506434.672600,0
1676160000000,0.479700,0.481100,0.437000,0.441600,1027938853,1676246399999,476408872.197600,861943,494786711,229377535.239900,0
1676246400000,0.441500,0.464900,0.410600,0.462800,1551144179,1676332799999,682464667.989200,1127609,772728874,340251408.749900,0
1676332800000,0.462800,0.526600,0.450200,0.524000,2262968601,1676419199999,1110754062.868900,1649658,1137552700,558718252.839500,0
1676419200000,0.523900,0.585300,0.507100,0.569800,1659759820,1676505599999,892460680.031600,1295914,838852373,451224911.979000,0
1676505600000,0.569800,0.598800,0.520300,0.527900,1645163367,1676591999999,933732167.746700,1360090,804545676,456975275.320100,0
1676592000000,0.528000,0.578800,0.525500,0.555000,1233662569,1676678399999,686268478.145700,1037015,611733950,340284198.999400,0
1676678400000,0.555000,0.568300,0.536400,0.541700,618278627,1676764799999,340790978.954400,605697,297596347,164086281.679800,0
1676764800000,0.541700,0.557000,0.505500,0.521000,791077200,1676851199999,424479114.106400,749187,380347912,204213771.200800,0
1676851200000,0.521000,0.535300,0.495000,0.514700,642354763,1676937599999,335294948.413000,596954,309752673,161790979.543300,0
1676937600000,0.514700,0.552500,0.506400,0.521100,1214923776,1677023999999,644797168.076900,1066358,595185022,315949720.049300,0
1677024000000,0.521100,0.522600,0.477700,0.508000,1013204126,1677110399999,502062946.985500,861942,500277301,247962347.602500,0
1677110400000,0.508100,0.522200,0.486900,0.491100,644870372,1677196799999,324046090.273000,573341,314224447,157942038.106500,0
1677196800000,0.491000,0.504700,0.451200,0.461900,705817574,1677283199999,338751094.460300,657474,332894386,159933359.576800,0
1677283200000,0.461900,0.468400,0.436000,0.456700,477504968,1677369599999,217474171.810500,477350,234589123,106903524.359800,0
1677369600000,0.456700,0.475900,0.452900,0.473900,351562197,1677455999999,163173674.141000,372304,179685409,83433297.209600,0
1677456000000,0.474000,0.475400,0.446800,0.456700,559026555,1677542399999,258095301.184600,519649,271485535,125380414.455900,0
1677542400000,0.456700,0.459900,0.425500,0.428300,563234476,1677628799999,252085625.507200,503474,269019988,120521765.806500,0
1677628800000,0.428300,0.471400,0.422200,0.468600,703600744,1677715199999,319576591.997700,602567,356910490,162141522.940200,0
1677715200000,0.468600,0.471600,0.435000,0.445600,558829467,1677801599999,250179069.924500,459462,268019637,119979729.251800,0
1677801600000,0.445600,0.445700,0.387600,0.426300,912303083,1677887999999,381197765.666000,674796,439961967,183852860.844600,0
1677888000000,0.426300,0.431600,0.384600,0.401200,671183871,1677974399999,276249718.684800,487061,325448044,134060078.100800,0
1677974400000,0.401200,0.415500,0.393900,0.399600,580697012,1678060799999,235957199.481800,419468,288678964,117331991.591000,0
1678060800000,0.399600,0.425200,0.393700,0.416500,623389770,1678147199999,255011146.292500,481966,314582516,128705274.600300,0
1678147200000,0.416600,0.429800,0.388400,0.398500,764576910,1678233599999,311670993.329500,547130,373974433,152510924.653100,0
1678233600000,0.398400,0.401500,0.354700,0.358600,865116291,1678319999999,326953518.181500,610990,416397283,157471652.814200,0
1678320000000,0.358500,0.377300,0.325500,0.334900,1155275300,1678406399999,410989354.998300,760096,569636807,202736085.400100,0
1678406400000,0.335000,0.343000,0.303600,0.338900,1573258734,1678492799999,516187623.743900,842909,790722179,259539937.660000,0
1678492800000,0.338900,0.348700,0.309100,0.334800,1050055599,1678579199999,342773200.880700,628523,509569206,166398113.332000,0
1678579200000,0.334700,0.397700,0.327200,0.393800,1215419601,1678665599999,427433711.798700,758150,621201169,218651511.074100,0
1678665600000,0.393900,0.424200,0.367100,0.414000,1391038533,1678751999999,549555494.769600,897358,698806481,276143852.312800,0
1678752000000,0.414000,0.485000,0.406700,0.447800,1440447097,1678838399999,640947492.395800,1142435,715228433,318285433.070400,0
1678838400000,0.447800,0.458300,0.376600,0.389200,1347328667,1678924799999,563218023.579000,958549,649669796,271485574.477700,0
1678924800000,0.389300,0.418200,0.380300,0.409300,1101375480,1679011199999,442358042.930700,739809,543090975,218190435.777000,0
1679011200000,0.409300,0.516300,0.402400,0.508000,1689556563,1679097599999,776247685.845000,1220690,865215397,397698697.299100,0
1679097600000,0.507900,0.532700,0.469300,0.483100,1256994718,1679183999999,633321726.112300,1136180,611803705,308468280.738300,0
1679184000000,0.483100,0.530800,0.473300,0.490400,1146086348,1679270399999,572442046.815800,949811,563045837,281294587.494800,0
1679270400000,0.490700,0.513200,0.448400,0.455100,1077251109,1679356799999,518676437.712700,906771,524239732,252617940.985000,0
1679356800000,0.455100,0.503200,0.440700,0.484000,1049889262,1679443199999,500603735.540500,876880,523353076,249589643.736900,0
1679443200000,0.484000,0.507700,0.446700,0.469400,1123429163,1679529599999,539644459.991200,1007028,551127430,264823318.561900,0
1679529600000,0.469300,0.506400,0.459400,0.496000,872585329,1679615999999,424264966.538900,661807,434248062,211180927.877200,0
1679616000000,0.496100,0.497300,0.446100,0.458200,754075667,1679702399999,352541231.155400,600399,363258364,169861464.330000,0
1679702400000,0.458300,0.463500,0.426800,0.435000,608265778,1679788799999,270918057.819200,485126,296847414,132300949.840500,0
1679788800000,0.435000,0.454100,0.430100,0.447000,456312635,1679875199999,202422357.824100,379779,226720321,100600714.642800,0
1679875200000,0.447100,0.449500,0.405000,0.410100,761522390,1679961599999,322664808.309600,567671,370894167,157131073.251500,0
1679961600000,0.410200,0.430900,0.395200,0.422300,880841052,1680047999999,361804976.797300,596017,440516969,181026663.498000,0
1680048000000,0.422400,0.466600,0.420200,0.458000,878908677,1680134399999,396687467.685400,631445,448608890,202412367.711000,0
1680134400000,0.458000,0.475000,0.435000,0.449800,746886815,1680220799999,336808671.342400,594376,365766235,165007023.656400,0
1680220800000,0.449900,0.482000,0.437700,0.475400,748865259,1680307199999,347188196.723200,575313,376440366,174628917.222900,0
1680307200000,0.475500,0.483900,0.460100,0.469800,383902421,1680393599999,180530978.972800,388535,189570480,89167982.942100,0
1680393600000,0.469900,0.474000,0.442000,0.451700,377400123,1680479999999,173216054.152900,397133,180050698,82704759.757300,0
1680480000000,0.451600,0.460900,0.427800,0.454000,643714707,1680566399999,286677054.101400,591616,314432743,140121390.066400,0
1680566400000,0.453900,0.460000,0.438600,0.453100,404238497,1680652799999,182123750.383400,426989,200493092,90343644.329400,0
1680652800000,0.453200,0.497500,0.449000,0.467100,786133409,1680739199999,372876207.224900,726407,390772107,185386046.082200,0
1680739200000,0.467200,0.468500,0.446900,0.455800,421032461,1680825599999,191821158.414300,423947,200078042,91188317.364100,0
1680825600000,0.455700,0.466900,0.448300,0.460300,430959969,1680911999999,197702902.269100,430143,211951988,97259744.473500,0
1680912000000,0.460400,0.471000,0.450300,0.451900,287077247,1680998399999,132503160.644600,301460,137995176,63717877.076900,0
1680998400000,0.451900,0.457900,0.440600,0.454700,260506321,1681084799999,117056909.979300,281214,126369400,56804611.024600,0
1681084800000,0.454700,0.476500,0.446300,0.476200,317789869,1681171199999,146122972.669600,323931,156637470,72024139.895700,0
1681171200000,0.476300,0.505200,0.470200,0.493400,787027902,1681257599999,385138544.174300,667304,394018623,192865656.422200,0
1681257600000,0.493500,0.521600,0.471700,0.500700,1104446756,1681343999999,550244095.636800,911875,550879024,274541520.859000,0
1681344000000,0.500800,0.526300,0.493700,0.511200,630767023,1681430399999,323236123.031000,562570,316749004,162340789.584400,0
1681430400000,0.511200,0.531000,0.495600,0.513100,693017000,1681516799999,356945942.770800,600449,339218981,174743613.693300,0
1681516800000,0.513200,0.520800,0.503200,0.511900,354886288,1681603199999,181562114.101200,358482,171818607,87923393.122900,0
1681603200000,0.511800,0.535300,0.499200,0.527300,400560274,1681689599999,205726046.757000,403733,197073747,101292192.269100,0
1681689600000,0.527200,0.547200,0.513900,0.519700,760134099,1681775999999,403249097.425800,731728,375274247,199182568.792300,0
1681776000000,0.519800,0.547000,0.507000,0.533200,462464045,1681862399999,245637851.494800,461968,226779927,120513671.399500,0
1681862400000,0.533300,0.533400,0.459200,0.472200,587222286,1681948799999,289076617.010800,612627,266944792,131438082.048300,0
1681948800000,0.472200,0.482900,0.450000,0.465200,504926002,1682035199999,236649814.149500,533234,249912940,117200184.173500,0
1682035200000,0.465200,0.472200,0.415200,0.422800,516925438,1682121599999,230556500.281700,537220,245667636,109690634.445200,0
1682121600000,0.422800,0.439400,0.418600,0.436100,286045192,1682207999999,122559197.002300,299997,143979963,61689608.215300,0
1682208000000,0.436100,0.437900,0.410300,0.427800,303481494,1682294399999,129213501.298100,333337,146831646,62544945.618300,0
1682294400000,0.427800,0.434800,0.411700,0.418300,356003639,1682380799999,150490755.535100,372758,174882127,73935617.105000,0
1682380800000,0.418200,0.435200,0.396500,0.432700,524751106,1682467199999,215685441.193700,487389,253620502,104286903.260100,0
1682467200000,0.432800,0.454100,0.394400,0.418200,790466129,1682553599999,339498766.758600,663482,390448850,167709285.420700,0
1682553600000,0.418300,0.437100,0.415200,0.428600,501579448,1682639999999,214241762.170900,479559,249025009,106372683.007200,0
1682640000000,0.428700,0.430000,0.410300,0.421300,300743869,1682726399999,126772048.261100,309174,145695714,61432202.679200,0
1682726400000,0.421400,0.438100,0.420100,0.430100,253023927,1682812799999,108784136.651200,259813,125586233,53993417.027700,0
1682812800000,0.430000,0.438400,0.420000,0.422500,309685522,1682899199999,132914252.926200,307756,152426880,65407818.259500,0
1682899200000,0.422500,0.427000,0.401900,0.412800,370186423,1682985599999,152877968.045600,356859,179697223,74223636.342300,0
1682985600000,0.412800,0.420500,0.406400,0.416000,276433068,1683071999999,114378108.064100,279888,138970751,57509259.456800,0
1683072000000,0.416000,0.445500,0.404000,0.439900,528713241,1683158399999,222589971.549800,488259,259462348,109242659.476200,0
1683158400000,0.439900,0.445300,0.425600,0.429200,431364927,1683244799999,187896274.755100,389767,218879784,95399849.781000,0
1683244800000,0.429200,0.438600,0.414600,0.433500,489327402,1683331199999,210208294.744500,367881,242096472,104057743.463800,0
1683331200000,0.433500,0.437700,0.400400,0.410600,406073145,1683417599999,168793914.423400,341783,196454840,81673226.846900,0
1683417600000,0.410700,0.414100,0.402000,0.404300,278566351,1683503999999,113967667.712700,236265,136671412,55925719.902800,0
1683504000000,0.404200,0.406700,0.347000,0.363000,653315805,1683590399999,244906787.695300,523848,308761103,115682743.437400,0
1683590400000,0.363100,0.369900,0.358000,0.368800,317810086,1683676799999,115746591.426000,279011,157692959,57447723.064600,0
1683676800000,0.368800,0.393000,0.354000,0.380300,689030761,1683763199999,260262681.209600,547109,338587794,127919489.146400,0
1683763200000,0.380300,0.380900,0.357700,0.367900,524104125,1683849599999,193058368.302500,439693,256123897,94353233.682100,0
1683849600000,0.367800,0.373700,0.351000,0.372100,471319848,1683935999999,171818841.194900,423159,234564617,85545714.253800,0
1683936000000,0.372200,0.372800,0.361300,0.364000,203640589,1684022399999,74701623.925600,200586,100644326,36924388.340900,0
1684022400000,0.364000,0.375900,0.356800,0.369600,240547446,1684108799999,88550424.408700,216764,120373166,44320562.955700,0
1684108800000,0.369600,0.394400,0.361900,0.382500,441589473,1684195199999,168893425.198900,370026,222513326,85119207.191700,0
1684195200000,0.382500,0.385900,0.372900,0.379200,334962138,1684281599999,126928591.239400,299933,164786609,62469430.615900,0
1684281600000,0.379200,0.394000,0.370600,0.387500,432305408,1684367999999,165022627.093200,377009,214517718,81911907.512000,0
1684368000000,0.387500,0.389300,0.363600,0.370700,384144029,1684454399999,145003779.205900,337078,187304021,70705513.445300,0
1684454400000,0.370700,0.374200,0.364400,0.370600,259428473,1684540799999,95823975.694700,250735,127548799,47117011.266100,0
1684540800000,0.370600,0.376000,0.366100,0.374800,161911536,1684627199999,59889217.395100,159569,82038348,30343029.552800,0
1684627200000,0.374800,0.376300,0.356800,0.361200,206170303,1684713599999,75640148.427800,184258,98406205,36113105.002800,0
1684713600000,0.361100,0.364300,0.353200,0.360300,223781837,1684799999999,80582367.663000,182886,108710440,39154739.620300,0
1684800000000,0.360400,0.373400,0.357200,0.364100,247019988,1684886399999,90554568.051900,206636,125367685,45961888.434800,0
1684886400000,0.364100,0.364500,0.322000,0.329300,1014044297,1684972799999,342588224.408100,626701,485653443,163960369.579700,0
1684972800000,0.329400,0.336500,0.317300,0.330900,521677865,1685059199999,172124971.898500,376499,254228069,83910012.222700,0
1685059200000,0.330900,0.335300,0.326400,0.328100,345149052,1685145599999,114116556.131400,270315,170260262,56304064.145900,0
1685145600000,0.328200,0.332200,0.325000,0.330400,226470949,1685231999999,74569605.450500,185189,111146500,36603028.312100,0
1685232000000,0.330300,0.352700,0.328700,0.348100,474671088,1685318399999,161400386.502900,345629,237526260,80762231.458500,0
1685318400000,0.348200,0.351000,0.330200,0.332800,431634920,1685404799999,146161514.035200,317167,212161994,71877124.338700,0
1685404800000,0.332800,0.335000,0.322200,0.327800,459498989,1685491199999,151134771.020900,331888,227360798,74799084.235400,0
1685491200000,0.327900,0.331100,0.307200,0.312300,484448894,1685577599999,153205756.770900,343072,229698029,72643433.626000,0
1685577600000,0.312300,0.317500,0.305800,0.311300,358294917,1685663999999,112119229.942900,272942,176272979,55167175.327700,0
1685664000000,0.311300,0.325500,0.306700,0.322700,386067173,1685750399999,123249735.358700,280160,189037863,60368353.908700,0
1685750400000,0.322700,0.327000,0.316400,0.320700,211518163,1685836799999,68036532.610600,166361,104650519,33673120.288900,0
1685836800000,0.320600,0.333600,0.317200,0.326300,305576321,1685923199999,99147509.334500,220512,149473023,48495048.017500,0
1685923200000,0.326400,0.331200,0.272000,0.290800,918620486,1686009599999,281330588.136700,596992,437858022,134252889.449500,0
1686009600000,0.290800,0.310100,0.285500,0.304800,538350854,1686095999999,159443469.858600,375874,265585493,78684175.011800,0
1686096000000,0.304900,0.306500,0.287400,0.291900,495854604,1686182399999,146690829.304700,340206,241468271,71446730.934500,0
1686182400000,0.291900,0.300900,0.285500,0.295700,320286936,1686268799999,93959327.391300,248910,160094696,46979383.470300,0
1686268800000,0.295800,0.297500,0.283600,0.286200,309571121,1686355199999,90246678.282600,228772,149421601,43581575.261400,0
1686355200000,0.286300,0.286700,0.211300,0.239700,903741190,1686441599999,219417874.245100,599031,420958063,102048345.987000,0
1686441600000,0.239700,0.247700,0.234300,0.240200,380016398,1686527999999,91221371.312100,272420,192082700,46125588.197200,0
1686528000000,0.240200,0.247500,0.231200,0.244700,442569472,1686614399999,106927558.520600,292067,216776852,52391949.437000,0
1686614400000,0.244800,0.272300,0.243400,0.260300,750760291,1686700799999,194015257.040600,452288,381561709,98565225.655600,0
1686700800000,0.260300,0.267900,0.244400,0.254400,620521790,1686787199999,160682095.760500,354069,309694361,80229364.829700,0
1686787200000,0.254300,0.262900,0.245500,0.259100,492071189,1686873599999,125055503.116000,301368,247746011,62973208.886900,0
1686873600000,0.259200,0.271400,0.251100,0.267700,390410863,1686959999999,101578900.186700,261031,202705670,52767766.177600,0
1686960000000,0.267800,0.282200,0.265900,0.273700,318480461,1687046399999,87464539.129800,246474,160066443,43959282.563100,0
1687046400000,0.273800,0.275300,0.256600,0.263100,300857087,1687132799999,80917394.457800,216812,147065790,39564203.584600,0
1687132800000,0.263000,0.270600,0.258800,0.264300,321551615,1687219199999,85199294.135400,222915,157079697,41635985.160500,0
1687219200000,0.264200,0.276500,0.253400,0.276200,502406689,1687305599999,132769355.187500,320862,246537249,65199699.564900,0
1687305600000,0.276200,0.306700,0.274600,0.299500,821716703,1687391999999,240601523.803000,523215,416775117,122009398.246100,0
1687392000000,0.299600,0.308700,0.288800,0.290900,519791703,1687478399999,155373310.994400,364070,255970210,76535453.705100,0
1687478400000,0.290900,0.317700,0.290000,0.311700,584178037,1687564799999,177387182.130100,406608,293435673,89121159.182500,0
1687564800000,0.311800,0.324900,0.297700,0.312700,598172865,1687651199999,187590258.842700,439418,300793152,94367256.667800,0
1687651200000,0.312700,0.330700,0.310300,0.313000,525182401,1687737599999,168497275.583200,407381,261845838,84047774.735700,0
1687737600000,0.313100,0.326000,0.303000,0.305500,594840928,1687823999999,187102574.671700,433402,292013940,91887798.597500,0
1687824000000,0.305400,0.315200,0.300400,0.313000,435324522,1687910399999,134622885.439400,322041,215599994,66674930.497900,0
1687910400000,0.313000,0.313700,0.282700,0.295800,549953305,1687996799999,165069733.818600,390231,264893351,79526974.321600,0
1687996800000,0.295700,0.307800,0.288200,0.299000,483283082,1688083199999,144345560.912900,352015,236568726,70669604.745100,0
1688083200000,0.299100,0.317400,0.278200,0.304100,804817460,1688169599999,244034897.180700,602040,405487181,123029177.073600,0
1688169600000,0.304200,0.311300,0.297400,0.310900,321579004,1688255999999,98110033.641500,292885,160644862,49042035.350600,0
1688256000000,0.311000,0.314500,0.298300,0.313200,327759993,1688342399999,100472887.136600,281565,161321412,49468589.828300,0
1688342400000,0.313200,0.324700,0.311900,0.320300,355102509,1688428799999,113180968.001300,294297,178915058,57031560.811700,0
1688428800000,0.320300,0.323700,0.310900,0.315800,338567254,1688515199999,107812285.129900,257608,163772162,52163890.597600,0
1688515200000,0.315900,0.318900,0.293900,0.299300,386298745,1688601599999,117913260.982000,292481,181424452,55417770.465200,0
1688601600000,0.299300,0.307600,0.268000,0.268300,992718402,1688687999999,284175783.397400,536754,467860723,133976121.574300,0
1688688000000,0.268400,0.272900,0.260200,0.268100,940603732,1688774399999,251627062.218100,527749,467161202,124989231.842400,0
1688774400000,0.268000,0.278900,0.265100,0.275900,562389088,1688860799999,153017714.969900,328945,275789765,75052227.549900,0
1688860800000,0.276000,0.280400,0.266700,0.267800,380883719,1688947199999,104235351.111700,247981,181403968,49661144.549700,0
1688947200000,0.267800,0.275900,0.254900,0.272200,587539326,1689033599999,155741007.038900,355241,281021808,74512630.315300,0
1689033600000,0.272200,0.279800,0.268500,0.271900,404342342,1689119999999,110971117.077200,274627,206271280,56636903.374700,0
1689120000000,0.271900,0.279400,0.267300,0.272100,395110985,1689206399999,108147178.706500,259386,192032657,52574147.779500,0
1689206400000,0.272100,0.310200,0.270100,0.308000,877802990,1689292799999,257593319.535400,552799,441655393,129547619.865600,0
1689292800000,0.307900,0.318800,0.272400,0.282800,998286010,1689379199999,297143322.020600,655973,487146259,145124520.904900,0
1689379200000,0.282800,0.287400,0.270500,0.275300,500893441,1689465599999,139688752.008600,342914,236629458,65992239.291500,0
1689465600000,0.275400,0.276500,0.257500,0.259500,493522462,1689551999999,132375144.337500,328435,227072721,60953704.595400,0
1689552000000,0.259400,0.269500,0.252300,0.264000,735638904,1689638399999,192566435.683900,474532,360773246,94467806.328300,0
1689638400000,0.264100,0.267700,0.250000,0.257000,434680411,1689724799999,112507206.792400,321146,208644515,54017931.312200,0
1689724800000,0.257100,0.263700,0.252700,0.253800,386049286,1689811199999,99627406.058500,275442,186168587,48053309.968500,0
1689811200000,0.253900,0.262900,0.250400,0.257700,436007784,1689897599999,112203495.638000,286730,211062362,54326802.651800,0
1689897600000,0.257800,0.261100,0.254900,0.257000,267727548,1689983999999,69048923.204400,186822,130703617,33714609.327900,0
1689984000000,0.257000,0.259600,0.248400,0.252400,205042938,1690070399999,52424283.943500,152108,97830690,25028673.583000,0
1690070400000,0.252400,0.261300,0.248100,0.255800,240002593,1690156799999,61314275.615800,164777,116171851,29687558.676100,0
1690156800000,0.255800,0.257400,0.236000,0.243300,375752620,1690243199999,92572754.567900,228391,176388929,43470236.395800,0
1690243200000,0.243300,0.244100,0.233900,0.235000,300478306,1690329599999,71679849.714500,186657,141602972,33791146.674200,0
1690329600000,0.235100,0.250800,0.228100,0.244900,536903116,1690415999999,127540725.643700,294032,262115352,62318123.058600,0
1690416000000,0.244800,0.249100,0.240300,0.245700,297696501,1690502399999,72951621.693000,216037,142210501,34853291.147100,0
1690502400000,0.245600,0.249300,0.242100,0.246700,232701673,1690588799999,57247464.654400,152591,112156044,27593198.973400,0
1690588800000,0.246800,0.247700,0.243500,0.246100,140515438,1690675199999,34487935.397700,97327,70633028,17338686.874900,0
1690675200000,0.246100,0.247000,0.233000,0.239600,234149413,1690761599999,56535517.446500,150020,111710496,26991171.830300,0
1690761600000,0.239600,0.243500,0.232000,0.234800,242941561,1690847999999,57883739.349400,157459,117359864,27965888.712200,0
1690848000000,0.234800,0.249600,0.223000,0.248300,486733903,1690934399999,116044814.411900,262757,239846268,57258836.441300,0
1690934400000,0.248300,0.250600,0.235700,0.238600,398332608,1691020799999,96714492.436600,227312,191680725,46547411.269900,0
1691020800000,0.238600,0.240500,0.230500,0.234000,269411164,1691107199999,63437980.562300,173263,127592111,30051436.766400,0
1691107200000,0.234000,0.237900,0.228200,0.232900,243687745,1691193599999,56896525.052000,147937,117224569,27376694.950100,0
1691193600000,0.232900,0.237200,0.230500,0.236000,164595543,1691279999999,38623664.739800,114402,80824918,18969599.103500,0
1691280000000,0.236000,0.241200,0.235600,0.237300,177674759,1691366399999,42343232.788300,125713,88020424,20978965.726700,0
1691366400000,0.237400,0.242000,0.225200,0.232900,302748266,1691452799999,70879649.395400,176589,145198037,33998385.140700,0
1691452800000,0.233000,0.241000,0.230700,0.236800,271664293,1691539199999,63896266.010500,160585,131199127,30867728.389000,0
1691539200000,0.236900,0.241600,0.233000,0.236500,264754815,1691625599999,62831255.073200,147851,131819086,31295706.997200,0
1691625600000,0.236400,0.241200,0.234800,0.239400,299960688,1691711999999,71353465.428500,152558,152673038,36325460.252000,0
1691712000000,0.239300,0.246000,0.237700,0.241800,413534160,1691798399999,99621829.743600,179507,210358095,50674555.661100,0
1691798400000,0.241700,0.242700,0.238900,0.240200,143191610,1691884799999,34431566.516700,84525,70775947,17021047.453500,0
1691884800000,0.240300,0.244200,0.236800,0.239000,166029455,1691971199999,39984054.140600,96418,78342621,18873183.939800,0
1691971200000,0.239000,0.246000,0.237400,0.241400,215273572,1692057599999,51955668.144700,122356,105946195,25571828.548700,0
1692057600000,0.241500,0.243200,0.215800,0.228600,354857747,1692143999999,82676490.858200,186575,164116080,38253676.061000,0
1692144000000,0.228700,0.228800,0.208000,0.215700,494888036,1692230399999,108862101.122400,244957,236214262,52018322.562200,0
1692230400000,0.215700,0.218500,0.171000,0.193800,692110826,1692316799999,141312886.495700,365020,319083930,65218441.047200,0
1692316800000,0.193800,0.203000,0.190700,0.199900,490761283,1692403199999,96542425.011200,243451,245359710,48281622.360900,0
1692403200000,0.199800,0.210200,0.199100,0.207900,219210923,1692489599999,44869353.931600,134107,112251677,22981165.142400,0
1692489600000,0.207800,0.212200,0.205200,0.207900,254956343,1692575999999,53242934.892800,138849,126881863,26500594.606700,0
1692576000000,0.207800,0.210600,0.197800,0.203800,395081610,1692662399999,81090395.664900,180745,195908022,40214769.182300,0
1692662400000,0.203900,0.204400,0.192000,0.201700,441538813,1692748799999,88111866.102800,190531,215159567,42954844.947000,0
1692748800000,0.201800,0.210800,0.198900,0.210100,387200167,1692835199999,79053790.387800,165602,193667229,39545730.244000,0
1692835200000,0.210200,0.212500,0.203500,0.209200,321392483,1692921599999,66906088.675900,153590,157972445,32894355.587000,0
1692921600000,0.209200,0.209900,0.203200,0.207800,301025572,1693007999999,62190606.353200,158474,151127430,31225623.342200,0
1693008000000,0.207800,0.208000,0.199800,0.200000,155467737,1693094399999,31612166.151900,92246,75739379,15403611.518100,0
1693094400000,0.200100,0.204200,0.199200,0.202200,171520748,1693180799999,34579805.237900,95244,86036367,17345930.913400,0
1693180800000,0.202100,0.205100,0.196200,0.202700,297084472,1693267199999,59554011.593900,148373,148525285,29783501.012700,0
1693267200000,0.202600,0.219500,0.197600,0.216300,551856528,1693353599999,115515150.430500,247624,276062050,57779653.285700,0
1693353600000,0.216200,0.217300,0.208400,0.211300,302482892,1693439999999,64406605.159600,153154,150759494,32111448.894300,0
1693440000000,0.211300,0.216000,0.199800,0.200000,459559526,1693526399999,96209430.382200,210754,220495580,46172085.586900,0
1693526400000,0.200000,0.204800,0.197600,0.203600,341244278,1693612799999,68473862.026000,178628,160037628,32126283.749000,0
1693612800000,0.203500,0.205600,0.199800,0.200500,178728834,1693699199999,36245593.172100,111198,87678792,17785261.165600,0
1693699200000,0.200500,0.202300,0.198600,0.200900,170768863,1693785599999,34254221.846200,102248,84961063,17048606.704400,0
1693785600000,0.200900,0.206600,0.199700,0.202200,249883886,1693871999999,50777229.305500,120006,124951734,25398114.480800,0
1693872000000,0.202200,0.205500,0.200400,0.201900,202920163,1693958399999,41064115.613200,101985,101297851,20501542.394800,0
1693958400000,0.201900,0.204400,0.195800,0.202900,239965481,1694044799999,48192948.847600,128212,115964624,23296076.548400,0
1694044800000,0.202800,0.205400,0.199600,0.205200,196747797,1694131199999,39735106.853800,95744,97815102,19761544.845300,0
1694131200000,0.205300,0.208100,0.198800,0.200600,196001168,1694217599999,39632645.965800,109309,95297480,19270389.669000,0
1694217600000,0.200600,0.202100,0.199500,0.200000,102803544,1694303999999,20614965.876800,60144,51002061,10229650.903400,0
1694304000000,0.200000,0.200100,0.184900,0.193000,323540654,1694390399999,62334345.268800,167930,154532436,29758529.477700,0
1694390400000,0.192900,0.193800,0.181600,0.187200,421197194,1694476799999,79202519.938500,194420,208787480,39273002.884400,0
1694476800000,0.187200,0.196000,0.186100,0.186700,350702829,1694563199999,66969860.432400,189204,175750336,33568884.970600,0
1694563200000,0.186800,0.193000,0.185000,0.191100,269936875,1694649599999,51027947.563300,165170,138499385,26178518.964100,0
1694649600000,0.191100,0.195500,0.189400,0.192800,200905910,1694735999999,38702333.699600,136641,100982959,19456600.318900,0
1694736000000,0.192800,0.195700,0.189400,0.195100,206266662,1694822399999,39683043.162500,127134,104420680,20096122.858300,0
1694822400000,0.195200,0.198900,0.193700,0.197500,165411084,1694908799999,32402983.453100,109176,84265929,16510998.872100,0
1694908800000,0.197400,0.198000,0.185800,0.190100,209950829,1694995199999,40327318.319000,127717,100834150,19375901.154100,0
1694995200000,0.190100,0.196300,0.187200,0.190300,253938045,1695081599999,48849317.792500,146085,122474781,23563879.401800,0
1695081600000,0.190200,0.195400,0.189300,0.194200,179589741,1695167999999,34630302.524900,117985,88057272,16984085.390900,0
1695168000000,0.194200,0.195200,0.190100,0.194300,197312618,1695254399999,38000752.627600,127979,98626261,19000570.598700,0
1695254400000,0.194200,0.195900,0.186000,0.188800,273470154,1695340799999,52078194.866800,160120,132121861,25176431.441300,0
1695340800000,0.188900,0.189700,0.185900,0.187200,155402491,1695427199999,29214978.450200,102826,74219845,13954702.319300,0
1695427200000,0.187200,0.188800,0.186900,0.188100,116010677,1695513599999,21796496.880800,79474,56355228,10589018.543200,0
1695513600000,0.188100,0.190200,0.184500,0.186000,154628558,1695599999999,29044328.878600,87417,76283426,14332815.947800,0
1695600000000,0.186000,0.189800,0.183400,0.189500,179287829,1695686399999,33615162.659300,98008,89601455,16803817.211200,0
1695686400000,0.189500,0.191500,0.185200,0.188200,259522213,1695772799999,49050982.324500,111981,128246323,24240419.861300,0
1695772800000,0.188300,0.190500,0.184200,0.186100,241213499,1695859199999,45232536.988100,105389,118921531,22304103.427500,0
1695859200000,0.186000,0.190700,0.185700,0.188800,214255338,1695945599999,40305281.933600,104753,108175728,20351640.377600,0
1695945600000,0.188800,0.194800,0.187800,0.194000,236952766,1696031999999,45329583.967000,113334,119590952,22879440.773700,0
1696032000000,0.193900,0.202200,0.193900,0.199300,372030925,1696118399999,73994680.836200,162687,183767722,36543926.509500,0
1696118400000,0.199300,0.209900,0.198900,0.207800,415629080,1696204799999,85136434.387200,177857,208641760,42730672.380000,0
1696204800000,0.207800,0.210300,0.195200,0.198900,373500562,1696291199999,76077460.789900,173627,180606278,36819506.162700,0
1696291200000,0.199000,0.201800,0.197300,0.199600,237749574,1696377599999,47409043.927000,125124,115736775,23078414.775600,0
1696377600000,0.199600,0.202200,0.191900,0.201000,377617607,1696463999999,75044149.159300,177246,190064539,37794661.101000,0
1696464000000,0.201000,0.202400,0.192600,0.192800,267947346,1696550399999,52872066.133900,135409,126861076,25043171.133000,0
1696550400000,0.192900,0.196800,0.189300,0.194000,326710627,1696636799999,63017240.728500,141747,155605584,30020318.048400,0
1696636800000,0.194100,0.196900,0.191900,0.192900,141397301,1696723199999,27433279.792900,82738,67857909,13166242.871900,0
1696723200000,0.192900,0.193500,0.189500,0.192600,156172357,1696809599999,29873519.159100,90909,77115862,14752543.104400,0
1696809600000,0.192600,0.193400,0.177400,0.182200,376705612,1696895999999,69658189.861700,165997,174798670,32326221.379500,0
1696896000000,0.182300,0.184000,0.180300,0.182100,175399951,1696982399999,31937595.829900,98422,87717542,15973084.027600,0
1696982400000,0.182200,0.183200,0.177800,0.181800,201801554,1697068799999,36415321.166000,115385,100014790,18048862.352100,0
1697068800000,0.181800,0.181900,0.176100,0.181000,174534645,1697155199999,31302671.788800,98566,85503849,15337689.196100,0
1697155200000,0.181000,0.186200,0.179400,0.183500,162784139,1697241599999,29706175.632100,83205,82468061,15052063.769200,0
1697241600000,0.183500,0.186500,0.182100,0.183600,100958070,1697327999999,18620621.293500,59371,51507436,9501461.627100,0
1697328000000,0.183500,0.186200,0.182600,0.184600,119648883,1697414399999,22062648.430500,63411,60005775,11066115.244600,0
1697414400000,0.184600,0.193300,0.184200,0.185300,346815077,1697500799999,65013234.866300,151467,168713264,31634177.665000,0
1697500800000,0.185300,0.185700,0.174400,0.177000,319266484,1697587199999,57277466.261600,122099,148101587,26575274.387800,0
1697587200000,0.177000,0.179100,0.174700,0.175500,206041644,1697673599999,36370402.325900,86885,99342107,17538904.021900,0
1697673600000,0.175400,0.178000,0.170300,0.176800,279679771,1697759999999,48933112.174600,109182,137620604,24090858.142800,0
1697760000000,0.176800,0.183900,0.176000,0.182200,266362841,1697846399999,48066940.086600,113266,133746533,24132411.315800,0
1697846400000,0.182100,0.207400,0.181600,0.199000,564195610,1697932799999,110740274.997100,251735,286565265,56208569.488800,0
1697932800000,0.199000,0.208900,0.193300,0.208100,597395067,1698019199999,120324667.329300,265914,297505200,59952923.350700,0
1698019200000,0.208100,0.235600,0.207200,0.231100,1387237154,1698105599999,309674415.050200,682245,692603475,154617504.497700,0
1698105600000,0.231100,0.241000,0.215800,0.224700,905689017,1698191999999,207248615.042600,526467,439865049,100713271.760000,0
1698192000000,0.224700,0.236800,0.220900,0.227400,605171385,1698278399999,138047445.594600,384375,295359508,67391451.887500,0
1698278400000,0.227500,0.243000,0.215800,0.224000,749810842,1698364799999,171188119.117100,404502,362418572,82758195.477300,0
1698364800000,0.224000,0.233200,0.217900,0.227900,493005526,1698451199999,110778907.634200,304601,243428529,54703976.289800,0
1698451200000,0.227900,0.238900,0.227200,0.235200,344925507,1698537599999,80318399.213200,208126,174450571,40622530.555000,0
1698537600000,0.235200,0.251200,0.229700,0.248500,380476737,1698623999999,91331766.123100,272995,191899236,46085762.261900,0
1698624000000,0.248500,0.251500,0.235900,0.244300,372422616,1698710399999,90980033.704900,276794,176377886,43099179.092200,0
1698710400000,0.244400,0.254200,0.231500,0.240900,511859110,1698796799999,124614992.317300,360452,249292897,60730625.402600,0
1698796800000,0.241000,0.259000,0.230100,0.257600,673994184,1698883199999,163405293.210800,481807,329280050,79862859.576100,0
1698883200000,0.257600,0.261500,0.234100,0.241200,528786470,1698969599999,131620912.381100,355300,257643463,64178489.049500,0
1698969600000,0.241200,0.246400,0.231800,0.245100,295335704,1699055999999,70823756.770400,275001,145118589,34810888.339400,0
1699056000000,0.245100,0.254000,0.242800,0.251800,199236201,1699142399999,49559332.177800,199051,98483104,24502498.536400,0
1699142400000,0.251900,0.276400,0.250100,0.263600,509172468,1699228799999,135350414.719700,466823,251839128,66946280.763900,0
1699228800000,0.263700,0.278200,0.260400,0.274500,349724474,1699315199999,94243350.251000,329882,172506598,46510718.450400,0
1699315200000,0.274400,0.274800,0.254900,0.267200,403296980,1699401599999,107161283.246000,345631,195180426,51882440.940500,0
1699401600000,0.267200,0.282900,0.262200,0.271100,423598902,1699487999999,115329624.940100,333472,204612872,55735646.512700,0
1699488000000,0.271100,0.288000,0.231200,0.259800,782388309,1699574399999,209951953.195500,651037,382742657,102755032.592400,0
1699574400000,0.259700,0.298700,0.258100,0.293500,646779987,1699660799999,178883309.189300,634387,316133632,87444485.870600,0
1699660800000,0.293500,0.321000,0.290100,0.311200,666900216,1699747199999,202810541.651000,720973,328395298,99908430.139900,0
1699747200000,0.311300,0.345300,0.295200,0.331700,724835167,1699833599999,236213967.561800,729049,357088466,116382912.676800,0
1699833600000,0.331600,0.337800,0.300500,0.304700,531273044,1699919999999,168368501.530100,553074,254681753,80756484.609300,0
1699920000000,0.304600,0.320900,0.281300,0.306000,548217494,1700006399999,168119285.501100,529117,264692857,81252921.941800,0
1700006400000,0.306000,0.334500,0.305400,0.328500,470045009,1700092799999,152267387.737000,407198,235216759,76177992.029900,0
1700092800000,0.328500,0.379500,0.326500,0.349800,1164111008,1700179199999,419281334.776800,1035674,573377393,206551631.044100,0
1700179200000,0.349900,0.364300,0.324000,0.342100,573483809,1700265599999,196879328.496600,587615,279567892,96073589.415400,0
1700265600000,0.342100,0.342100,0.309800,0.326000,353236411,1700351999999,114293124.856700,370512,169488529,54829992.514600,0
1700352000000,0.326000,0.337400,0.315000,0.334300,289298795,1700438399999,93977195.391100,303025,142153025,46187023.859100,0
1700438400000,0.334300,0.348800,0.310500,0.311100,409890498,1700524799999,135593427.603600,405766,197072994,65298402.170600,0
1700524800000,0.311100,0.317400,0.277500,0.282100,498827033,1700611199999,149618462.131600,531577,235469361,70702783.270100,0
1700611200000,0.282200,0.304500,0.281000,0.298000,309318171,1700697599999,90756574.086700,283332,153074970,44923207.294500,0
1700697600000,0.297900,0.306400,0.293500,0.297500,234554653,1700783999999,70182749.065800,204930,112094723,33544497.812300,0
1700784000000,0.297500,0.308500,0.296500,0.302100,263177141,1700870399999,79759689.377800,221885,127056561,38511926.684500,0
1700870400000,0.302200,0.322800,0.299300,0.317900,277682969,1700956799999,87759089.004900,242419,134055058,42362388.590800,0
1700956800000,0.317900,0.322600,0.301200,0.310100,264354384,1701043199999,82783084.365900,246924,127173818,39847273.132200,0
1701043200000,0.310200,0.313100,0.289900,0.296300,248402681,1701129599999,74379260.259100,233209,120238694,36024187.434000,0
1701129600000,0.296300,0.320900,0.285000,0.317200,327234469,1701215999999,99533655.522900,302318,159729090,48587242.541800,0
1701216000000,0.317200,0.321200,0.299000,0.300900,351441982,1701302399999,108794392.191300,289739,172074538,53279865.762600,0
1701302400000,0.300900,0.305600,0.295700,0.303800,223090807,1701388799999,67167361.028900,199328,110831873,33382333.580300,0
1701388800000,0.303800,0.318900,0.299200,0.315700,277269029,1701475199999,86608246.854500,235780,136441162,42617603.854400,0
1701475200000,0.315700,0.329600,0.314800,0.323700,317739586,1701561599999,102307378.733600,276913,159861757,51468648.987200,0
1701561600000,0.323700,0.326500,0.310200,0.316000,273391083,1701647999999,86724998.173700,227827,132781026,42135152.766700,0
1701648000000,0.316000,0.328600,0.287700,0.327700,544600739,1701734399999,170632245.207400,443145,264654180,82912260.566200,0
1701734400000,0.327600,0.338500,0.313300,0.334200,491581675,1701820799999,160203163.552700,437902,235193606,76594201.676500,0
1701820800000,0.334300,0.348000,0.322000,0.336100,538794215,1701907199999,181176317.236700,454147,263604562,88716502.923100,0
1701907200000,0.336200,0.348700,0.323000,0.343100,436025575,1701993599999,146956487.976600,384279,213913628,72090160.386600,0
1701993600000,0.343000,0.371400,0.341500,0.368900,405269658,1702079999999,145299554.893000,394540,204661812,73372797.016700,0
1702080000000,0.368900,0.430600,0.368900,0.398500,888061938,1702166399999,359367581.133900,1025263,434506722,175706426.398200,0
1702166400000,0.398500,0.417800,0.389000,0.404100,462162913,1702252799999,185728664.188900,524719,228103949,91648674.811600,0
1702252800000,0.404000,0.408900,0.335700,0.364400,668494179,1702339199999,247127397.963400,733343,316447034,117023605.547100,0
1702339200000,0.364300,0.409800,0.363400,0.394200,767125068,1702425599999,298185614.239600,816802,376661310,146405918.607400,0
1702425600000,0.394100,0.397000,0.358500,0.392900,587736635,1702511999999,221606250.278500,645385,286264668,107949066.963800,0
1702512000000,0.392900,0.447600,0.390200,0.438700,822684142,1702598399999,343811650.033600,897258,406727430,170088613.302900,0
1702598400000,0.438600,0.458400,0.415400,0.422800,684235460,1702684799999,295176845.940100,835409,324662344,140147530.491100,0
1702684800000,0.422800,0.443900,0.407800,0.419000,519595890,1702771199999,220079484.123300,706899,253223403,107289917.199900,0
1702771200000,0.419100,0.427700,0.392500,0.393900,463887562,1702857599999,191521768.050700,632305,220099111,90917833.303500,0
1702857600000,0.394000,0.418700,0.373900,0.413700,587477268,1702943999999,234071729.175100,769137,288435857,115033118.097600,0
1702944000000,0.413700,0.421200,0.392100,0.398100,442716787,1703030399999,180878681.179200,586072,213569925,87314107.934900,0
1703030400000,0.398100,0.456400,0.390200,0.448000,556189830,1703116799999,239001466.605700,704351,278434195,119756548.572200,0
1703116800000,0.448100,0.498700,0.436100,0.488200,775891155,1703203199999,363296909.297400,1078944,386145266,180817966.659200,0
1703203200000,0.488200,0.518800,0.471200,0.489200,550780730,1703289599999,271603163.202900,853919,269174921,132740138.572800,0
1703289600000,0.489200,0.527700,0.476900,0.516100,463771103,1703375999999,232347253.864900,677545,228049610,114259033.318400,0
1703376000000,0.516100,0.549500,0.499000,0.527100,560684440,1703462399999,293180513.386800,834607,270802306,141650129.465500,0
1703462400000,0.527300,0.568000,0.516100,0.556400,518796754,1703548799999,281960685.422700,735566,253783520,137920853.471800,0
1703548800000,0.556400,0.567800,0.481600,0.538400,538749678,1703635199999,287633727.505900,806518,259823150,138784428.996600,0
1703635200000,0.538400,0.544400,0.495600,0.507100,403251992,1703721599999,207175194.732200,641613,195998340,100702512.443500,0
1703721600000,0.507200,0.520900,0.470000,0.480800,374784533,1703807999999,183971699.710400,597388,178242967,87553821.068600,0
1703808000000,0.480800,0.507000,0.459000,0.475900,360887619,1703894399999,175824138.782700,590660,170279557,83030161.786300,0
1703894400000,0.476000,0.481100,0.457100,0.465800,210206164,1703980799999,98612639.412600,325942,100134231,46984857.052300,0
1703980800000,0.465900,0.490300,0.454300,0.474400,233116559,1704067199999,111173066.591700,370759,111635960,53251280.297300,0
1704067200000,0.474400,0.510000,0.464300,0.505400,286144962,1704153599999,140939850.876200,444994,142606322,70260319.273800,0
1704153600000,0.505400,0.520400,0.480000,0.487200,342044521,1704239999999,171265121.986600,476145,166971362,83678734.281200,0
1704240000000,0.487200,0.499000,0.372500,0.431400,575983553,1704326399999,257023040.881300,828784,268323293,119844272.316700,0
1704326400000,0.431300,0.458900,0.422000,0.449600,288018722,1704412799999,126626717.850900,396193,141270985,62108712.727100,0
1704412800000,0.449700,0.453900,0.402900,0.423700,319172481,1704499199999,135589366.320300,457606,152452319,64766022.647000,0
1704499200000,0.423700,0.423900,0.386600,0.400200,248927411,1704585599999,99649767.214100,358813,119724659,47936200.783900,0
1704585600000,0.400300,0.409900,0.375400,0.380100,236831442,1704671999999,93757718.084400,338153,114003460,45151947.848700,0
1704672000000,0.380100,0.405500,0.347300,0.401500,412634705,1704758399999,155193158.955300,529958,201513111,75895501.486900,0
1704758400000,0.401600,0.405400,0.360000,0.375700,364575420,1704844799999,138902527.578100,506320,176235324,67190197.732600,0
1704844800000,0.375700,0.439500,0.366100,0.425800,376047388,1704931199999,147651427.515500,615962,187211956,73578230.866300,0
1704931200000,0.425800,0.445500,0.414200,0.423500,359756005,1705017599999,154580169.089600,564685,175697138,75523764.709000,0
1705017600000,0.423400,0.430500,0.376300,0.392200,369175834,1705103999999,151453750.631700,563505,178330034,73250678.485700,0
1705104000000,0.392300,0.400700,0.376400,0.396100,178653877,1705190399999,70085962.589400,355166,86673821,34007790.657100,0
1705190400000,0.396100,0.404100,0.379600,0.382100,216835270,1705276799999,85122208.638300,405270,105665703,41483396.690500,0
1705276800000,0.382100,0.401100,0.380600,0.387400,218452522,1705363199999,85669754.013500,420841,106904035,41938312.829700,0
1705363200000,0.387500,0.424200,0.386500,0.415200,307374614,1705449599999,124855799.844200,492488,154600969,62824935.558300,0
1705449600000,0.415200,0.420800,0.393700,0.399500,258528354,1705535999999,104732994.579800,453113,122141911,49496858.174100,0
1705536000000,0.399500,0.402300,0.363200,0.370100,316235776,1705622399999,121131170.522400,468776,148274654,56813895.647800,0
1705622400000,0.370100,0.371700,0.344300,0.362700,289150019,1705708799999,104133300.256000,444281,139783861,50355349.021800,0
1705708800000,0.362800,0.373400,0.355600,0.371600,141108837,1705795199999,51607796.618700,224377,69089477,25273813.395500,0
1705795200000,0.371700,0.377200,0.361600,0.363100,127224691,1705881599999,47165548.379500,176079,59801644,22177439.384200,0
1705881600000,0.363200,0.366700,0.335500,0.339000,259853745,1705967999999,90942942.996900,332344,127169017,44533306.470500,0
1705968000000,0.339000,0.345600,0.306900,0.329200,386094962,1706054399999,124578592.804700,384938,188088182,60709865.591200,0
1706054400000,0.329200,0.345900,0.324600,0.341700,259341459,1706140799999,87197857.387300,286593,130706597,43938924.078300,0
1706140800000,0.341700,0.343500,0.327500,0.335500,186327604,1706227199999,62639433.112600,230481,91240969,30675270.487700,0
1706227200000,0.335600,0.367800,0.331200,0.362900,221308632,1706313599999,77958088.385300,244626,110175822,38828855.150600,0
1706313600000,0.362900,0.375900,0.361100,0.373300,160163355,1706399999999,58924693.280500,209163,79333202,29192130.864000,0
1706400000000,0.373300,0.396300,0.367900,0.375400,265843267,1706486399999,101869623.213500,332935,134338305,51491568.085800,0
1706486400000,0.375300,0.395500,0.372500,0.385100,201956936,1706572799999,77426288.717900,269518,96957596,37184492.377100,0
1706572800000,0.385000,0.395000,0.372600,0.374600,218354578,1706659199999,83863891.593700,279584,106232172,40812817.056400,0
1706659200000,0.374600,0.376000,0.348800,0.352500,257959997,1706745599999,93436612.454100,310950,122432858,44372637.776500,0
1706745600000,0.352500,0.355800,0.343100,0.355100,186950042,1706831999999,65280947.109300,227426,91892043,32099526.942200,0
