1640995200000,33046.0,38450.0,32460.0,36573.0,9053.075,1641081599999,320928104.0830,679669,4613.232,163537635.7760,0
1641081600000,36582.0,39488.0,35601.0,39086.0,9799.932,1641167999999,367631508.1220,686508,5130.680,192550314.5690,0
1641168000000,39085.0,41750.0,37805.0,38743.0,13883.359,1641254399999,557063336.7120,957469,7127.498,286062144.6290,0
1641254400000,38740.0,39717.0,36009.0,36252.0,5130.149,1641340799999,195375029.3080,398263,2567.974,97842684.2690,0
1641340800000,36252.0,37368.0,30871.0,32540.0,5281.027,1641427199999,185632696.2550,423661,2560.587,90136638.8220,0
1641427200000,32548.0,36984.0,31139.0,35901.0,8726.460,1641513599999,300592532.3060,672711,4466.849,153784669.8800,0
1641513600000,35900.0,37073.0,31305.0,35843.0,12278.642,1641599999999,421652557.3600,925549,6081.461,208955761.4590,0
1641600000000,35845.0,36718.0,31910.0,33087.0,4889.483,1641686399999,168136709.1510,425428,2425.152,83432753.8400,0
1641686400000,33070.0,35333.0,32400.0,32676.0,4007.225,1641772799999,136386384.1070,332871,1987.348,67656806.7420,0
1641772800000,32675.0,32780.0,29236.0,31980.0,5411.934,1641859199999,170714234.0790,406776,2626.640,82925379.4140,0
1641859200000,31971.0,33343.0,31507.0,32750.0,3560.312,1641945599999,115302785.3260,277525,1747.618,56611654.3320,0
1641945600000,32749.0,34800.0,32512.0,33806.0,3141.880,1642031999999,105753532.0670,236976,1560.710,52544376.6860,0
1642032000000,33801.0,34222.0,31121.0,31441.0,2411.895,1642118399999,79348032.1820,205122,1139.395,37485234.5650,0
1642118400000,31432.0,33088.0,30960.0,32210.0,2537.578,1642204799999,80746888.5050,203203,1253.838,39886237.3720,0
1642204800000,32210.0,33892.0,31636.0,33493.0,2167.112,1642291199999,70879667.4270,168784,1050.112,34333360.6600,0
1642291200000,33489.0,34201.0,33022.0,33585.0,2281.168,1642377599999,76883224.2060,195022,1048.473,35336842.7450,0
1642377600000,33589.0,33699.0,31185.0,31588.0,2080.688,1642463999999,66850741.7830,170417,1006.536,32331181.1030,0
1642464000000,31585.0,33539.0,30818.0,32575.0,4297.822,1642550399999,138727995.6960,295058,2157.954,69668596.6680,0
1642550400000,32568.0,33506.0,31183.0,32138.0,4090.874,1642636799999,131789514.9410,294186,1976.409,63695043.9710,0
1642636800000,32135.0,34384.0,31175.0,31370.0,5121.608,1642723199999,170455604.2810,381776,2523.224,84026327.3510,0
1642723200000,31368.0,31375.0,25059.0,25734.0,5468.597,1642809599999,156550545.1460,454381,2600.694,74518322.0920,0
1642809600000,25714.0,26698.0,20200.0,22864.0,6858.671,1642895999999,158604073.9370,592920,3428.974,79307738.9370,0
1642896000000,22877.0,25132.0,22659.0,25075.0,3191.144,1642982399999,76375570.1050,260187,1599.174,38269619.1240,0
1642982400000,25068.0,25122.0,21369.0,23930.0,4583.547,1643068799999,105423389.2580,371430,2270.636,52205518.1860,0
1643068800000,23919.0,24929.0,23350.0,24468.0,2625.659,1643155199999,63129727.0610,218613,1297.757,31202572.0730,0
1643155200000,24479.0,26224.0,23440.0,24174.0,2871.955,1643241599999,71066765.1630,241145,1414.586,35006006.2690,0
1643241600000,24175.0,24833.0,23051.0,23880.0,2157.709,1643327999999,51636252.2550,191899,1049.506,25106946.2760,0
1643328000000,23879.0,24167.0,22343.0,23468.0,2011.881,1643414399999,46757493.6850,166911,991.805,23052797.6990,0
1643414400000,23469.0,24691.0,23389.0,24268.0,1700.734,1643500799999,41130704.0170,143200,860.745,20814080.6250,0
1643500800000,24267.0,25553.0,23400.0,23794.0,1764.360,1643587199999,43127176.8080,158741,845.379,20661677.9360,0
1643587200000,23794.0,24843.0,22834.0,24817.0,1647.602,1643673599999,39305980.3780,136353,832.717,19870246.3340,0
1643673600000,24818.0,25498.0,24553.0,25444.0,1573.724,1643759999999,39325841.2100,130399,800.625,20009664.9490,0
1643760000000,25444.0,25715.0,22871.0,22985.0,2009.010,1643846399999,48660225.2780,162853,938.470,22747990.1750,0
1643846400000,22993.0,23630.0,22466.0,23610.0,1810.308,1643932799999,41475154.5350,152685,908.143,20824009.0520,0
1643932800000,23594.0,24902.0,23404.0,24873.0,1962.545,1644019199999,47229424.5190,153355,993.790,23908976.2240,0
1644019200000,24885.0,25886.0,24630.0,25139.0,2241.060,1644105599999,56537477.2800,159348,1055.700,26642471.0360,0
1644105600000,25141.0,25370.0,23644.0,24582.0,1773.747,1644191999999,43361098.4290,122201,767.631,18773190.2530,0
1644192000000,24587.0,27052.0,23909.0,26532.0,3071.293,1644278399999,78433602.8740,179606,1500.320,38337160.3510,0
1644278400000,26527.0,27051.0,24731.0,25494.0,2914.575,1644364799999,75264371.0300,191697,1371.859,35437323.0140,0
1644364800000,25499.0,26867.0,24752.0,26269.0,1721.333,1644451199999,44604774.5470,133669,878.667,22793966.9630,0
1644451200000,26269.0,26292.0,24215.0,24399.0,2462.272,1644537599999,62386745.8900,183064,1135.795,28799518.4300,0
1644537600000,24408.0,25001.0,22701.0,23070.0,1714.008,1644623999999,41428087.1540,143749,837.254,20232166.3000,0
1644624000000,23070.0,23789.0,22609.0,23132.0,1339.707,1644710399999,31007818.0350,111890,647.860,15008774.0520,0
1644710400000,23137.0,23650.0,22627.0,22850.0,1007.083,1644796799999,23400963.2730,85655,529.495,12308454.9100,0
1644796800000,22842.0,23285.0,22341.0,23066.0,1318.461,1644883199999,30070559.9710,96301,661.340,15085254.3820,0
1644883200000,23072.0,24575.0,23001.0,24461.0,1781.449,1644969599999,42596383.0410,118527,902.016,21567322.7740,0
1644969600000,24459.0,24487.0,23106.0,23670.0,1432.503,1645055999999,33986509.1610,107665,676.300,16041955.1650,0
1645056000000,23674.0,23956.0,22020.0,22416.0,1485.494,1645142399999,34271090.3550,110933,729.724,16843435.9580,0
1645142400000,22421.0,23020.0,21683.0,21926.0,1296.109,1645228799999,29006378.4160,96082,620.750,13887961.5350,0
1645228800000,21925.0,22209.0,21322.0,21660.0,859.324,1645315199999,18738926.2810,66614,417.892,9113243.3570,0
1645315200000,21658.0,21676.0,20071.0,20654.0,1492.453,1645401599999,30772335.5650,94588,735.920,15166022.3860,0
1645401600000,20655.0,21901.0,19559.0,19634.0,2632.166,1645487999999,55179058.7080,157229,1310.729,27489056.0710,0
1645488000000,19632.0,20949.0,19130.0,20607.0,2409.763,1645574399999,48280355.6350,150674,1187.281,23796205.9060,0
1645574400000,20611.0,21244.0,20168.0,20304.0,1526.625,1645660799999,31556865.2100,102454,760.984,15730428.4980,0
1645660800000,20304.0,20564.0,17093.0,19405.0,4172.137,1645747199999,77272463.1850,256846,2054.789,38084751.1170,0
1645747200000,19403.0,20359.0,18812.0,20136.0,2086.073,1645833599999,40894924.6830,126925,1004.438,19696318.6980,0
1645833600000,20138.0,21389.0,20101.0,20855.0,1517.561,1645919999999,31310168.2120,120025,800.087,16505584.9450,0
1645920000000,20860.0,21038.0,19065.0,19398.0,1610.853,1646006399999,32555414.4150,118563,771.814,15598479.0380,0
1646006400000,19403.0,21570.0,19031.0,21548.0,1551.526,1646092799999,31364098.7720,114453,768.748,15527154.0740,0
1646092800000,21545.0,22322.0,20970.0,21730.0,1642.439,1646179199999,35450768.5380,115959,804.230,17370605.6550,0
1646179200000,21742.0,22453.0,21045.0,22325.0,1601.506,1646265599999,34651813.5080,118077,785.368,16992770.4960,0
1646265600000,22330.0,22648.0,20887.0,21683.0,2186.919,1646351999999,47577438.5730,151921,1020.003,22193811.6060,0
1646352000000,21684.0,21964.0,19604.0,19870.0,1500.386,1646438399999,31298937.9570,107316,721.202,15048585.1870,0
1646438400000,19874.0,20575.0,19410.0,20245.0,1214.438,1646524799999,24270968.6360,83120,608.767,12182482.5660,0
1646524800000,20239.0,20311.0,17245.0,18238.0,13089.435,1646611199999,241214048.7090,544334,6829.475,125850293.0620,0
1646611200000,18236.0,19970.0,17713.0,18358.0,5573.449,1646697599999,103437248.8900,294451,2737.875,50836007.4370,0
1646697600000,18355.0,21200.0,18253.0,19338.0,7340.341,1646783999999,146437348.6670,412122,3724.310,74291401.1190,0
1646784000000,19339.0,20559.0,19234.0,20394.0,2707.993,1646870399999,54399427.3050,164576,1299.639,26122064.5120,0
1646870400000,20395.0,20433.0,18644.0,19032.0,2169.747,1646956799999,41750773.2920,139772,1095.429,21074959.8970,0
1646956800000,19030.0,19301.0,18210.0,18505.0,1774.743,1647043199999,33248995.2920,119132,857.177,16062348.3160,0
1647043200000,18506.0,18969.0,18300.0,18372.0,963.996,1647129599999,17951665.4060,69775,479.735,8937550.5120,0
1647129600000,18373.0,18701.0,17800.0,18021.0,1039.599,1647215999999,19082922.7310,70694,491.177,9015542.7160,0
1647216000000,18019.0,18760.0,17872.0,18501.0,1394.920,1647302399999,25654226.6030,90438,671.594,12353759.5450,0
1647302400000,18505.0,18723.0,17800.0,18489.0,1894.244,1647388799999,34740148.9420,105749,915.545,16791104.6890,0
1647388800000,18484.0,19230.0,18239.0,19191.0,1654.811,1647475199999,31038304.3740,109351,827.503,15522157.5730,0
1647475200000,19197.0,19732.0,18864.0,19390.0,1362.460,1647561599999,26243778.6670,90700,687.302,13242968.6140,0
1647561600000,19390.0,20787.0,18980.0,20557.0,1531.229,1647647999999,30228420.2970,104382,764.496,15107819.9760,0
1647648000000,20561.0,21019.0,20251.0,20645.0,1221.165,1647734399999,25249462.0460,87550,590.412,12212096.4640,0
1647734400000,20648.0,20823.0,19520.0,19910.0,1212.674,1647820799999,24511323.3260,95825,590.298,11936588.2600,0
1647820800000,19907.0,20588.0,19653.0,20339.0,1265.551,1647907199999,25563148.2430,90619,636.553,12855916.3750,0
1647907200000,20339.0,21096.0,19887.0,20296.0,1725.271,1647993599999,35382465.4300,113006,785.595,16130314.8210,0
1647993600000,20294.0,20537.0,19904.0,20429.0,1203.653,1648079999999,24320090.3650,73892,570.981,11535640.7700,0
1648080000000,20429.0,21375.0,20171.0,21183.0,1823.295,1648166399999,37668447.3560,121851,900.466,18619416.3330,0
1648166400000,21183.0,21700.0,20365.0,20578.0,1891.012,1648252799999,39960577.3640,147451,858.347,18165778.5260,0
1648252800000,20564.0,21235.0,20384.0,21144.0,1013.378,1648339199999,21186805.4830,78560,502.163,10505909.3000,0
1648339200000,21141.0,22302.0,20645.0,22245.0,996.708,1648425599999,21262366.4410,77605,483.440,10326440.7300,0
1648425600000,22247.0,24000.0,21923.0,22247.0,3005.920,1648511999999,69283312.0420,197620,1450.523,33416950.9150,0
1648512000000,22246.0,23863.0,21930.0,23301.0,2413.436,1648598399999,55206823.2730,164377,1110.126,25422913.0980,0
1648598400000,23301.0,24595.0,22573.0,24016.0,2258.297,1648684799999,53701765.7910,157555,1100.123,26179897.4650,0
1648684800000,24017.0,24295.0,22083.0,22219.0,1851.519,1648771199999,43206149.3240,135977,854.015,19940523.9050,0
1648771200000,22220.0,23568.0,21508.0,23469.0,1394.495,1648857599999,31599877.8130,117839,665.926,15107106.2330,0
1648857600000,23473.0,23957.0,22617.0,23318.0,1809.210,1648943999999,42415112.9080,149179,865.156,20288825.9030,0
1648944000000,23316.0,25451.0,22751.0,25219.0,1859.092,1649030399999,44897931.1450,158887,931.656,22493252.4970,0
1649030400000,25219.0,25428.0,23000.0,23864.0,2054.491,1649116799999,49210128.7520,163600,982.833,23532348.3690,0
1649116800000,23860.0,24454.0,23295.0,23533.0,1617.177,1649203199999,38549677.2080,138813,771.804,18396798.6290,0
1649203200000,23529.0,23563.0,21527.0,21697.0,2169.804,1649289599999,48777784.2850,182523,1043.296,23447392.9560,0
1649289600000,21691.0,21996.0,20970.0,21268.0,1363.135,1649375999999,29323732.9310,129103,670.203,14422347.2390,0
1649376000000,21264.0,21898.0,20426.0,20523.0,1354.391,1649462399999,28862938.3800,118785,663.464,14128345.3900,0
1649462400000,20523.0,20659.0,20183.0,20633.0,795.955,1649548799999,16273472.3670,72341,391.456,8004801.4210,0
1649548800000,20635.0,20909.0,19962.0,20133.0,910.146,1649635199999,18647342.2310,76326,454.319,9301994.2310,0
1649635200000,20130.0,20174.0,18188.0,18506.0,2063.104,1649721599999,39313717.7100,145298,984.141,18756592.2760,0
1649721600000,18508.0,19408.0,18282.0,18824.0,1288.975,1649807999999,24338834.9370,104194,641.315,12107603.3150,0
1649808000000,18825.0,19486.0,18557.0,19404.0,1176.149,1649894399999,22398848.7330,95755,582.486,11093775.6100,0
1649894400000,19407.0,19588.0,18631.0,18815.0,1227.883,1649980799999,23395436.7070,95206,584.278,11133809.9340,0
1649980800000,18811.0,19287.0,18714.0,19080.0,1033.117,1650067199999,19701272.2120,84742,502.954,9591256.6680,0
1650067200000,19078.0,19344.0,18739.0,19080.0,933.179,1650153599999,17775680.4290,67636,452.253,8608755.4630,0
1650153600000,19081.0,19413.0,18551.0,18678.0,880.937,1650239999999,16844959.4920,67168,437.934,8372856.3130,0
1650240000000,18680.0,19157.0,17948.0,19117.0,1191.037,1650326399999,22137193.6510,94188,554.247,10301360.3460,0
1650326400000,19111.0,19596.0,18858.0,19428.0,956.788,1650412799999,18386499.1240,72150,455.985,8763596.9660,0
1650412800000,19428.0,19470.0,18829.0,19165.0,1137.123,1650499199999,21766211.7270,81455,549.058,10508626.0460,0
1650499200000,19161.0,20253.0,18601.0,18767.0,1875.903,1650585599999,36430952.6570,119198,923.646,17946359.8350,0
1650585600000,18771.0,19133.0,18420.0,18653.0,1015.691,1650671999999,19080593.8810,76324,495.975,9318254.2190,0
1650672000000,18655.0,18756.0,18239.0,18340.0,602.757,1650758399999,11183890.2660,51408,292.710,5431821.6800,0
1650758400000,18346.0,18853.0,18200.0,18227.0,814.166,1650844799999,15105418.8590,64224,390.786,7253851.6510,0
1650844800000,18227.0,18749.0,17447.0,18688.0,1423.454,1650931199999,25797139.8220,100722,682.597,12382022.2650,0
1650931200000,18689.0,19129.0,17240.0,17474.0,2092.014,1651017599999,38464571.2860,137477,975.240,17920761.9760,0
1651017600000,17475.0,17977.0,17274.0,17729.0,1166.731,1651103999999,20631152.9280,76633,565.041,9991587.8510,0
1651104000000,17729.0,18244.0,17588.0,17864.0,1257.899,1651190399999,22515464.4700,88194,604.815,10826332.5580,0
1651190400000,17864.0,18123.0,16345.0,16920.0,1413.840,1651276799999,24510292.0190,97916,680.472,11802945.3690,0
1651276800000,16920.0,17224.0,15760.0,16642.0,2137.782,1651363199999,35719112.9380,129018,1045.378,17462925.4540,0
1651363200000,16640.0,17422.0,16299.0,17028.0,1799.004,1651449599999,30329610.0670,126423,884.845,14916952.6480,0
1651449600000,17030.0,17378.0,16627.0,17135.0,1262.192,1651535999999,21489274.8130,87092,639.386,10885688.4300,0
1651536000000,17133.0,17847.0,17031.0,17466.0,1689.318,1651622399999,29407871.0830,94189,845.489,14720379.1500,0
1651622400000,17464.0,18568.0,17290.0,18327.0,2195.113,1651708799999,39199187.5610,133320,1127.096,20129377.8630,0
1651708800000,18327.0,18441.0,16504.0,16836.0,1728.423,1651795199999,29982765.5090,121152,846.296,14673342.2370,0
1651795200000,16839.0,17263.0,16371.0,16717.0,1680.092,1651881599999,28284783.9320,111443,833.830,14035578.9160,0
1651881600000,16716.0,16932.0,16100.0,16355.0,1147.737,1651967999999,19068091.3740,83068,582.673,9679855.2560,0
1651968000000,16357.0,16477.0,15407.0,15556.0,1877.751,1652054399999,29808490.4690,119130,903.425,14340491.5400,0
1652054400000,15561.0,15784.0,12300.0,12468.0,4252.484,1652140799999,59267644.7920,231967,2058.831,28716826.4940,0
1652140800000,12454.0,14774.0,12206.0,13696.0,5209.834,1652227199999,71647970.3040,296453,2611.360,35892239.9900,0
1652227200000,13686.0,14862.0,11183.0,11371.0,8094.260,1652313599999,106840088.5070,486865,4092.583,54067670.7630,0
1652313600000,11370.0,12062.0,9483.0,9906.0,8985.754,1652399999999,94044459.9060,516085,4446.688,46485091.0390,0
1652400000000,9914.0,11180.0,9699.0,9923.0,5137.584,1652486399999,53864906.4860,240658,2547.067,26716372.5830,0
1652486400000,9920.0,10399.0,9519.0,10205.0,3312.067,1652572799999,32863570.6590,156831,1704.740,16916429.9440,0
1652572800000,10205.0,10698.0,9800.0,10598.0,2281.807,1652659199999,23206865.9790,112149,1127.756,11468250.4450,0
1652659200000,10599.0,10602.0,9619.0,9739.0,2654.901,1652745599999,26293654.7520,131615,1315.714,13027661.4030,0
1652745600000,9742.0,10515.0,9636.0,9982.0,3689.137,1652831999999,37125168.5830,148650,1837.027,18501001.8190,0
1652832000000,9985.0,10237.0,9016.0,9067.0,4009.780,1652918399999,38889950.6610,165019,1960.874,19039855.8230,0
1652918400000,9070.0,9755.0,8851.0,9503.0,3339.107,1653004799999,30914168.9410,146139,1662.258,15396918.8700,0
1653004800000,9506.0,9898.0,9003.0,9140.0,3201.441,1653091199999,30218753.2430,146690,1612.917,15216207.1820,0
1653091200000,9139.0,9460.0,8900.0,9272.0,3448.411,1653177599999,31598334.3020,157482,1897.690,17385577.1570,0
1653177600000,9272.0,9687.0,9131.0,9477.0,2453.366,1653263999999,23110227.6850,102776,1212.180,11417109.4870,0
1653264000000,9476.0,9798.0,8827.0,8936.0,4763.039,1653350399999,44614358.4690,176538,2292.591,21464804.3030,0
1653350400000,8935.0,9316.0,8738.0,9087.0,3647.747,1653436799999,33060889.7630,138251,1754.757,15901446.3450,0
1653436800000,9084.0,10381.0,7657.0,8462.0,38287.293,1653523199999,338590710.9240,766325,19911.439,176231441.9330,0
1653523200000,8460.0,8939.0,7641.0,7741.0,11938.171,1653609599999,98163707.0050,334599,6049.025,49792920.7570,0
1653609600000,7744.0,8046.0,7321.0,7386.0,12318.177,1653695999999,94253456.7290,322354,6574.333,50317381.8400,0
1653696000000,7386.0,7751.0,7326.0,7625.0,6395.045,1653782399999,48246433.9940,165320,3294.371,24857798.2460,0
1653782400000,7625.0,7668.0,7333.0,7436.0,5320.150,1653868799999,39806467.1400,135774,2613.318,19562286.2700,0
1653868800000,7438.0,8483.0,7367.0,8378.0,8328.612,1653955199999,66558173.0080,217186,4221.580,33756015.6120,0
1653955200000,8379.0,8538.0,7826.0,8053.0,6143.304,1654041599999,50347652.7450,189430,2925.137,23984119.9550,0
1654041600000,8052.0,8204.0,7304.0,7503.0,4997.977,1654127999999,39308195.5620,178598,2445.918,19241839.3150,0
1654128000000,7506.0,7619.0,7237.0,7580.0,4070.261,1654214399999,30305672.8220,145274,2108.994,15709923.3360,0
1654214400000,7580.0,7598.0,7100.0,7421.0,4200.350,1654300799999,30947126.9810,135907,2091.071,15403036.0470,0
1654300800000,7421.0,7593.0,7272.0,7562.0,3415.541,1654387199999,25398033.9590,112278,1678.825,12485410.5200,0
1654387200000,7565.0,7646.0,7289.0,7442.0,3616.082,1654473599999,26902664.7200,109615,1798.057,13378166.0860,0
1654473600000,7439.0,7817.0,7338.0,7457.0,3662.689,1654559999999,27764874.1410,123746,1819.765,13794309.0420,0
1654560000000,7456.0,7825.0,7103.0,7597.0,6650.355,1654646399999,49492780.3080,183732,3209.848,23888892.2210,0
1654646400000,7601.0,7797.0,7399.0,7428.0,4065.693,1654732799999,30662979.5620,114691,2006.858,15137485.3350,0
1654732800000,7429.0,7746.0,7337.0,7472.0,3156.243,1654819199999,23801298.4610,91743,1619.441,12206330.5570,0
1654819200000,7473.0,7616.0,6932.0,7054.0,4281.781,1654905599999,31279370.2780,123279,2063.020,15072480.8970,0
1654905600000,7055.0,7144.0,6250.0,6364.0,4078.174,1654991999999,27033864.9960,142269,2053.546,13587369.6070,0
1654992000000,6360.0,6471.0,5963.0,6003.0,5040.904,1655078399999,31176424.4240,145171,2498.781,15454235.7000,0
1655078400000,6002.0,6076.0,4704.0,4946.0,12945.321,1655164799999,66605249.7990,330684,6635.980,34136466.5740,0
1655164800000,4946.0,5110.0,4485.0,4894.0,9367.880,1655251199999,45579666.1390,243782,4790.818,23312252.0690,0
1655251200000,4893.0,5414.0,4280.0,5351.0,14658.710,1655337599999,70190252.1620,330897,7350.306,35148725.3440,0
1655337600000,5352.0,5477.0,4553.0,4602.0,10376.636,1655423999999,50854491.6590,193057,5502.255,26956838.3470,0
1655424000000,4602.0,4927.0,4552.0,4792.0,4818.562,1655510399999,23003088.0700,124949,2420.659,11554326.8510,0
1655510400000,4793.0,4875.0,4013.0,4370.0,7224.531,1655596799999,31828878.9680,167929,3495.602,15394046.6190,0
1655596800000,4369.0,4847.0,4125.0,4742.0,6360.414,1655683199999,28388325.2750,148661,3284.466,14678596.6640,0
1655683200000,4745.0,5029.0,4526.0,4920.0,5788.443,1655769599999,27790018.5750,136389,3035.775,14584170.4120,0
1655769600000,4920.0,5583.0,4838.0,5123.0,7218.866,1655855999999,37774929.5580,160529,3599.771,18832102.2700,0
1655856000000,5125.0,5334.0,4930.0,4980.0,6847.787,1655942399999,35166291.1210,164778,3394.468,17432042.0920,0
1655942400000,4981.0,5481.0,4915.0,5429.0,5999.271,1656028799999,30940766.4830,149005,2975.724,15351760.8990,0
1656028800000,5430.0,8057.0,5346.0,7100.0,88516.038,1656115199999,627673613.4590,1470685,45313.466,321385340.8010,0
1656115200000,7101.0,7387.0,6554.0,7049.0,51733.003,1656201599999,360577000.8540,905055,26360.776,183750808.7700,0
1656201600000,7052.0,7140.0,6392.0,6440.0,16416.512,1656287999999,112613999.6520,315082,8010.032,54982155.0000,0
1656288000000,6439.0,6867.0,6094.0,6212.0,12286.465,1656374399999,79185473.0530,275150,6082.649,39212392.9350,0
1656374400000,6212.0,6282.0,5558.0,5653.0,12320.997,1656460799999,73478571.3850,250749,5987.341,35716762.0780,0
1656460800000,5649.0,5825.0,5410.0,5606.0,13007.834,1656547199999,73522496.1080,257481,6439.303,36399697.1880,0
1656547200000,5606.0,5694.0,5060.0,5414.0,13032.389,1656633599999,69066794.1330,261771,6536.404,34645895.7260,0
1656633600000,5410.0,5637.0,5182.0,5462.0,10526.874,1656719999999,56680196.8590,209029,5304.815,28561731.4970,0
1656720000000,5462.0,6065.0,5237.0,6020.0,11374.367,1656806399999,63717112.2150,218030,5649.407,31662106.5480,0
1656806400000,6020.0,6065.0,5523.0,5840.0,12632.378,1656892799999,72321113.1210,232672,6250.900,35788706.1460,0
1656892800000,5839.0,6497.0,5560.0,6361.0,13193.716,1656979199999,79310231.8620,267324,6610.676,39704678.8470,0
1656979200000,6360.0,6472.0,5943.0,6141.0,10135.779,1657065599999,62538995.0730,222684,5093.054,31426728.6400,0
1657065600000,6141.0,6471.0,6027.0,6313.0,7267.153,1657151999999,45054827.6920,180069,3653.754,22656395.9550,0
1657152000000,6313.0,6681.0,6161.0,6585.0,6827.856,1657238399999,43889508.1790,167781,3329.616,21416173.7940,0
1657238400000,6587.0,6911.0,6283.0,6294.0,6333.312,1657324799999,41220902.2350,155949,3128.316,20367539.1430,0
1657324800000,6294.0,6538.0,6291.0,6500.0,3454.431,1657411199999,22266199.6110,90333,1709.440,11020181.1890,0
1657411200000,6499.0,6501.0,5939.0,6033.0,4845.334,1657497599999,29915362.8130,106863,2306.294,14240184.3140,0
1657497600000,6034.0,6044.0,5446.0,5497.0,5484.283,1657583999999,31900300.1700,122582,2629.114,15308082.8920,0
1657584000000,5496.0,5768.0,5416.0,5436.0,5855.396,1657670399999,32891880.5970,119589,2884.269,16210001.0350,0
1657670400000,5438.0,5945.0,5278.0,5902.0,6860.124,1657756799999,38335251.4180,152792,3463.560,19359521.1250,0
1657756800000,5903.0,6186.0,5649.0,6009.0,6313.946,1657843199999,36942902.0700,137621,3147.409,18416745.3920,0
1657843200000,6012.0,6328.0,5924.0,6150.0,4884.206,1657929599999,30066920.9610,121664,2458.737,15136750.7000,0
1657929600000,6148.0,6403.0,5927.0,6257.0,4171.181,1658015999999,25647924.3510,114397,2058.378,12654246.0160,0
1658016000000,6257.0,6400.0,6011.0,6062.0,4081.087,1658102399999,25279081.8240,117063,1971.206,12214724.8000,0
1658102400000,6062.0,6663.0,6048.0,6600.0,4594.397,1658188799999,29541676.9740,126228,2213.234,14237358.9430,0
1658188800000,6599.0,6879.0,6254.0,6757.0,5892.858,1658275199999,38918577.2500,146903,2915.564,19258662.4170,0
1658275200000,6758.0,7017.0,6365.0,6491.0,4946.765,1658361599999,33407609.0020,126994,2444.894,16515898.8280,0
1658361600000,6490.0,6849.0,6222.0,6718.0,4678.374,1658447999999,30519144.7340,126586,2368.345,15453031.3820,0
1658448000000,6719.0,6881.0,6368.0,6568.0,4366.698,1658534399999,29027698.0230,119238,2097.971,13947484.5070,0
1658534400000,6567.0,6838.0,6284.0,6478.0,3772.595,1658620799999,24701074.2800,112824,1882.424,12331717.1460,0
1658620800000,6479.0,7449.0,6459.0,6979.0,15071.538,1658707199999,106245461.0920,303703,7338.553,51748068.0490,0
1658707200000,6979.0,7119.0,6239.0,6268.0,7781.787,1658793599999,51394139.8750,183863,3744.787,24734875.1570,0
1658793600000,6267.0,6869.0,6236.0,6856.0,13245.321,1658879999999,87729049.0190,280796,6716.553,44499524.6460,0
1658880000000,6858.0,7228.0,6625.0,7164.0,7915.642,1658966399999,54259060.6730,182704,4036.397,27672072.6110,0
1658966400000,7164.0,9785.0,7029.0,9140.0,19691.590,1659052799999,168415089.2170,452427,9946.585,85042526.3430,0
1659052800000,9143.0,11555.0,8650.0,10862.0,21077.646,1659139199999,203522632.9180,549117,10581.170,102308145.8280,0
1659139200000,10868.0,14191.0,10588.0,11745.0,36367.192,1659225599999,435670914.8600,1109078,18566.854,222581721.6790,0
1659225600000,11743.0,12473.0,10744.0,10858.0,14998.486,1659311999999,177079339.1340,517440,7343.156,86701188.1650,0
1659312000000,10856.0,12229.0,10777.0,11610.0,10976.694,1659398399999,125248165.7700,373773,5585.221,63748863.9130,0
1659398400000,11610.0,11850.0,10606.0,10737.0,9478.393,1659484799999,105550822.6550,335455,4662.009,51910601.3730,0
1659484800000,10736.0,11241.0,10365.0,10708.0,7397.476,1659571199999,80243438.4770,264999,3579.088,38810557.7520,0
1659571200000,10708.0,11195.0,10404.0,10646.0,6428.517,1659657599999,69051555.8970,237440,3180.308,34153450.0090,0
1659657600000,10645.0,12450.0,10589.0,12266.0,9286.223,1659743999999,104863339.6460,327061,4673.181,52830287.0670,0
1659744000000,12267.0,12276.0,11591.0,11725.0,6378.667,1659830399999,75588659.8840,253674,3100.664,36755648.3120,0
1659830400000,11725.0,11743.0,11253.0,11430.0,3562.234,1659916799999,40797978.2380,159901,1709.741,19580114.7240,0
1659916800000,11432.0,11988.0,11268.0,11431.0,4564.508,1660003199999,53067357.1610,184748,2144.719,24950359.9840,0
1660003200000,11429.0,11561.0,10758.0,11189.0,4496.830,1660089599999,50270730.9930,183589,2143.479,23956103.9880,0
1660089600000,11189.0,11845.0,10756.0,11497.0,5986.513,1660175999999,67860626.3480,233603,2884.886,32697428.5170,0
1660176000000,11497.0,11795.0,11162.0,11283.0,4064.097,1660262399999,46781590.2340,174826,1975.263,22744290.8290,0
1660262400000,11286.0,11617.0,11038.0,11496.0,3803.012,1660348799999,43101492.9760,164228,1868.255,21176255.7630,0
1660348800000,11496.0,12217.0,11311.0,11413.0,7301.640,1660435199999,85744461.7250,239673,3626.985,42655890.2300,0
1660435200000,11414.0,11726.0,10924.0,11218.0,3559.558,1660521599999,40492165.4410,147170,1648.096,18758383.6590,0
1660521600000,11216.0,11565.0,10821.0,11078.0,4050.816,1660607999999,45353405.1610,167285,1945.737,21793163.6780,0
1660608000000,11076.0,11232.0,10812.0,10997.0,3984.722,1660694399999,43981115.8420,154333,1915.099,21146492.3390,0
1660694400000,10996.0,11677.0,10875.0,11150.0,7773.472,1660780799999,87550506.0310,255965,3745.385,42179188.6940,0
1660780800000,11152.0,11340.0,9892.0,10195.0,5857.790,1660867199999,63740363.9800,204595,2838.417,30906939.0220,0
1660867200000,10195.0,10285.0,8574.0,8619.0,9477.294,1660953599999,88813452.4710,310554,4707.291,44148091.4390,0
1660953600000,8620.0,9110.0,8231.0,8535.0,6595.292,1661039999999,57820620.2710,217399,3281.908,28775309.7470,0
1661040000000,8535.0,8886.0,8478.0,8744.0,4381.518,1661126399999,38069749.7180,154276,2164.652,18803761.4970,0
1661126400000,8744.0,8953.0,8225.0,8923.0,5314.059,1661212799999,45767664.8130,185164,2630.694,22652981.9950,0
1661212800000,8924.0,9353.0,8749.0,9210.0,5752.922,1661299199999,52327233.5390,190841,2795.616,25430892.9920,0
1661299200000,9211.0,9565.0,8985.0,9339.0,4385.507,1661385599999,40719841.8540,154874,2180.819,20253510.3550,0
1661385600000,9339.0,10240.0,9329.0,9788.0,7373.720,1661471999999,72797516.7900,234699,3778.106,37309464.1880,0
1661472000000,9788.0,9958.0,8862.0,8978.0,5884.858,1661558399999,55392048.8490,207599,2955.478,27811499.4770,0
1661558400000,8978.0,9126.0,8550.0,8761.0,3712.431,1661644799999,32935278.1170,142021,1873.542,16626047.6930,0
1661644800000,8761.0,8979.0,8421.0,8483.0,2830.611,1661731199999,24922167.9210,111623,1386.403,12210679.6010,0
1661731200000,8481.0,9114.0,8384.0,9064.0,3567.817,1661817599999,31390330.8950,130097,1774.654,15612173.8280,0
1661817600000,9065.0,9303.0,8589.0,8874.0,5138.099,1661903999999,46194940.5560,168550,2449.054,22020799.0410,0
1661904000000,8877.0,9288.0,8840.0,9011.0,4323.385,1661990399999,39309525.5520,139253,2139.838,19458019.4980,0
1661990400000,9009.0,9337.0,8750.0,9218.0,4163.441,1662076799999,37490615.6470,139654,2062.825,18571747.4280,0
1662076800000,9218.0,10474.0,9062.0,10069.0,15632.686,1662163199999,154035226.3590,393448,7968.790,78551058.6240,0
1662163200000,10071.0,10099.0,9361.0,9780.0,7604.803,1662249599999,73415859.4100,227492,3784.003,36539577.1910,0
1662249600000,9780.0,9856.0,9261.0,9436.0,4181.626,1662335999999,39657822.1790,143917,1970.250,18678202.5740,0
1662336000000,9433.0,9600.0,9266.0,9492.0,4208.020,1662422399999,39724139.5650,136247,2047.197,19330796.2060,0
1662422400000,9493.0,9765.0,8521.0,8606.0,5778.053,1662508799999,53157404.9520,189031,2763.827,25412055.5580,0
1662508800000,8608.0,9595.0,8473.0,9328.0,5569.234,1662595199999,50392410.8470,173754,2777.218,25138417.3110,0
1662595200000,9327.0,9546.0,8998.0,9259.0,4431.537,1662681599999,41104156.5800,145091,2141.655,19874070.7670,0
1662681600000,9259.0,11365.0,9231.0,10433.0,15115.039,1662767999999,158163295.0680,445891,7579.373,79291013.6970,0
1662768000000,10436.0,10553.0,10112.0,10419.0,4837.964,1662854399999,49957134.8970,177036,2372.266,24498721.2310,0
1662854400000,10420.0,10646.0,9876.0,10181.0,3277.078,1662940799999,33632640.2800,126570,1571.081,16133171.7010,0
1662940800000,10181.0,10398.0,9689.0,9749.0,3756.200,1663027199999,37902912.3600,141436,1797.954,18142769.2420,0
1663027200000,9749.0,10185.0,8988.0,9017.0,5012.882,1663113599999,47715664.6990,177423,2404.842,22893993.1210,0
1663113600000,9017.0,9353.0,8860.0,9184.0,3986.115,1663199999999,36442772.8870,125020,2040.849,18665031.6290,0
1663200000000,9184.0,9216.0,8429.0,8516.0,5497.135,1663286399999,48460713.0990,163717,2667.021,23519077.2970,0
1663286400000,8516.0,8835.0,8366.0,8654.0,4175.394,1663372799999,35889148.4840,135648,2049.207,17622346.3630,0
1663372800000,8652.0,9385.0,8647.0,9330.0,5076.542,1663459199999,45978722.4630,168423,2442.459,22113370.3290,0
1663459200000,9330.0,9357.0,7887.0,8332.0,5788.333,1663545599999,50959597.7820,181766,2793.716,24610522.4090,0
1663545600000,8332.0,8599.0,8065.0,8465.0,5716.908,1663631999999,47670476.7610,158763,2887.618,24083967.0630,0
1663632000000,8465.0,8639.0,8285.0,8452.0,4338.293,1663718399999,36572423.0940,124804,2155.547,18175435.7440,0
1663718400000,8451.0,8858.0,7796.0,7973.0,6194.977,1663804799999,51944379.4740,170843,3055.378,25616867.1060,0
1663804800000,7973.0,8530.0,7956.0,8438.0,5372.855,1663891199999,44298318.0020,138030,2692.665,22212984.0570,0
1663891200000,8435.0,8642.0,8030.0,8406.0,4223.663,1663977599999,35214436.4410,126804,2070.902,17267321.5210,0
1663977600000,8408.0,8493.0,8166.0,8213.0,2110.342,1664063999999,17711600.8470,81984,1063.003,8921546.0230,0
1664064000000,8214.0,8374.0,8006.0,8072.0,2826.631,1664150399999,23232055.7750,89375,1380.424,11347390.2530,0
1664150400000,8072.0,8395.0,7938.0,8326.0,4139.137,1664236799999,33822322.9420,118967,2044.639,16711685.8150,0
1664236800000,8324.0,8850.0,8127.0,8283.0,5790.618,1664323199999,49407567.4900,156062,2819.838,24081945.8780,0
1664323200000,8282.0,8360.0,7887.0,8204.0,4841.050,1664409599999,39082369.4160,131958,2333.442,18835697.6460,0
1664409600000,8204.0,8293.0,7943.0,8130.0,3657.955,1664495999999,29712101.6300,100283,1794.992,14585118.3190,0
1664496000000,8131.0,8388.0,8016.0,8117.0,4234.573,1664582399999,34525343.8520,114880,2147.196,17512072.8230,0
1664582400000,8120.0,8199.0,8007.0,8076.0,1968.223,1664668799999,15978263.4020,63337,927.074,7527823.0760,0
1664668800000,8075.0,8141.0,7827.0,7870.0,2418.561,1664755199999,19364343.8320,70384,1138.470,9117161.1310,0
1664755200000,7871.0,8161.0,7800.0,8109.0,2594.715,1664841599999,20773327.2470,75067,1262.119,10106496.4170,0
1664841600000,8109.0,8357.0,8050.0,8344.0,2285.732,1664927999999,18783578.2910,69477,1133.553,9315657.3270,0
1664928000000,8344.0,8399.0,8107.0,8305.0,2328.938,1665014399999,19273300.8680,77060,1123.541,9300324.1210,0
1665014400000,8305.0,8450.0,8130.0,8223.0,2680.425,1665100799999,22282513.8750,84851,1318.501,10962296.4950,0
1665100800000,8222.0,8238.0,7989.0,8073.0,2260.988,1665187199999,18364808.7080,73769,1109.341,9011861.5970,0
1665187200000,8073.0,8137.0,7958.0,8038.0,1770.539,1665273599999,14291463.3160,58919,867.903,7006166.3040,0
1665273600000,8037.0,8126.0,7988.0,8076.0,1730.565,1665359999999,13953377.5090,55204,852.181,6869976.2940,0
1665360000000,8076.0,8184.0,7836.0,7844.0,2917.395,1665446399999,23416234.9780,80982,1408.960,11313459.4890,0
1665446400000,7843.0,7939.0,7578.0,7822.0,3212.030,1665532799999,25048296.2150,91312,1536.652,11981136.1380,0
1665532800000,7822.0,7938.0,7767.0,7874.0,2062.953,1665619199999,16201527.9610,68685,1021.413,8020136.9070,0
1665619200000,7873.0,7892.0,7200.0,7710.0,4953.151,1665705599999,37358194.9790,148406,2474.298,18665256.6610,0
1665705600000,7710.0,7982.0,7468.0,7553.0,3134.451,1665791999999,24416330.5640,95344,1516.530,11809926.8570,0
1665792000000,7553.0,7623.0,7474.0,7535.0,1517.144,1665878399999,11473612.0490,60532,732.505,5539514.1760,0
1665878400000,7535.0,7836.0,7521.0,7736.0,2005.147,1665964799999,15359887.8580,67558,992.285,7596416.7890,0
1665964800000,7736.0,8003.0,7674.0,7907.0,2602.736,1666051199999,20417275.5180,82412,1263.827,9914188.5980,0
1666051200000,7907.0,7965.0,7534.0,7721.0,2586.384,1666137599999,20092821.6110,87470,1258.561,9777397.7230,0
1666137600000,7721.0,7750.0,7419.0,7485.0,2159.861,1666223999999,16448094.5650,78189,1039.601,7915199.6030,0
1666224000000,7485.0,7736.0,7401.0,7504.0,2128.382,1666310399999,16108732.4110,79506,1080.727,8176289.6950,0
1666310400000,7503.0,7655.0,7280.0,7622.0,2678.118,1666396799999,20068901.5830,87478,1326.350,9945484.5720,0
1666396800000,7622.0,7661.0,7468.0,7593.0,1720.051,1666483199999,13014885.6790,66651,850.223,6435652.2570,0
1666483200000,7595.0,7919.0,7470.0,7785.0,2311.313,1666569599999,17681353.2390,87504,1130.977,8658641.4110,0
1666569600000,7785.0,7819.0,7490.0,7624.0,2575.255,1666655999999,19655669.1580,90789,1234.828,9424290.2530,0
1666656000000,7623.0,8476.0,7595.0,8017.0,6407.386,1666742399999,51492929.0590,177485,3318.665,26686942.4600,0
1666742400000,8017.0,8384.0,7993.0,8141.0,3543.130,1666828799999,29059892.8670,121264,1760.965,14440360.2480,0
1666828800000,8142.0,8600.0,7966.0,8006.0,4075.459,1666915199999,33748063.9350,138503,2008.064,16633602.7590,0
1666915200000,8004.0,8332.0,7841.0,8203.0,3436.997,1667001599999,27714498.6010,115724,1713.703,13819808.0630,0
1667001600000,8202.0,8536.0,8194.0,8375.0,3761.009,1667087999999,31534218.1390,127074,1880.486,15764968.8480,0
1667088000000,8375.0,8661.0,8063.0,8182.0,2544.737,1667174399999,21288056.8490,98624,1222.267,10224246.3840,0
1667174400000,8183.0,8358.0,8004.0,8112.0,2959.392,1667260799999,24118918.0010,100586,1412.939,11518925.9030,0
1667260800000,8113.0,8335.0,7963.0,8007.0,2638.377,1667347199999,21403461.8700,99915,1282.925,10411766.1590,0
1667347200000,8006.0,8201.0,7660.0,7857.0,3480.368,1667433599999,27656706.1250,119730,1695.378,13475613.4670,0
1667433600000,7857.0,8548.0,7804.0,7921.0,5823.099,1667519999999,47458108.8000,175869,2890.540,23587295.1670,0
1667520000000,7919.0,8488.0,7886.0,8383.0,3613.331,1667606399999,29806375.0560,133578,1755.772,14483073.5780,0
1667606400000,8382.0,8594.0,8140.0,8275.0,3280.406,1667692799999,27510497.3680,121168,1569.206,13163965.6930,0
1667692800000,8272.0,8305.0,7900.0,7922.0,2349.309,1667779199999,19204810.8420,96937,1099.940,8996772.9030,0
1667779200000,7920.0,8197.0,7810.0,7978.0,3394.264,1667865599999,27286336.7330,122784,1661.092,13357623.9940,0
1667865600000,7980.0,8042.0,6052.0,6688.0,12142.078,1667951999999,88010060.4270,351646,5910.926,42903711.3240,0
1667952000000,6683.0,6703.0,5280.0,5477.0,10131.271,1668038399999,61523379.0570,298662,4982.510,30261668.2670,0
1668038400000,5479.0,6869.0,5375.0,6696.0,7288.192,1668124799999,45532190.6650,244934,3614.021,22607696.2060,0
1668124800000,6695.0,6697.0,6126.0,6431.0,4234.204,1668211199999,27076419.0010,165480,2060.062,13172642.7520,0
1668211200000,6436.0,6454.0,5700.0,5755.0,4416.872,1668297599999,26249061.7880,147634,2202.245,13087086.4050,0
1668297600000,5757.0,5947.0,5574.0,5707.0,6084.990,1668383999999,35071868.3290,161703,3139.256,18102486.3110,0
1668384000000,5706.0,6283.0,5359.0,6025.0,6626.763,1668470399999,39120430.7560,204239,3335.325,19703092.5670,0
1668470400000,6023.0,6750.0,5944.0,6432.0,9350.409,1668556799999,59673052.0860,245253,4920.851,31396986.7650,0
1668556800000,6431.0,6803.0,6169.0,6258.0,8479.292,1668643199999,54912732.3070,220555,4201.672,27210218.7400,0
1668643200000,6258.0,6366.0,5949.0,5997.0,3737.147,1668729599999,22992738.8860,115898,1870.442,11510811.2620,0
1668729600000,5998.0,6232.0,5901.0,6071.0,3150.612,1668815999999,19156722.3270,97947,1533.027,9318942.0100,0
1668816000000,6070.0,6700.0,6008.0,6561.0,15063.264,1668902399999,96663679.6900,301353,7857.086,50436410.1710,0
1668902400000,6561.0,6779.0,6019.0,6119.0,20908.805,1668988799999,135681030.7160,418376,10402.738,67558383.8990,0
1668988800000,6119.0,6520.0,5725.0,6054.0,14870.203,1669075199999,90837623.6000,375934,7487.295,45760610.0000,0
1669075200000,6055.0,6317.0,5792.0,6164.0,11568.675,1669161599999,70030827.5770,260335,5876.190,35579253.4560,0
1669161600000,6165.0,6388.0,6001.0,6231.0,6170.031,1669247999999,38346134.9290,141097,3097.661,19253096.8020,0
1669248000000,6230.0,6329.0,6061.0,6103.0,3898.339,1669334399999,24049980.3190,96855,1851.861,11425943.7880,0
1669334400000,6102.0,6536.0,5961.0,6303.0,9438.408,1669420799999,59190875.9230,186818,4835.855,30362719.1740,0
1669420800000,6304.0,6399.0,6207.0,6371.0,3861.146,1669507199999,24384898.6370,104485,1840.056,11621238.0830,0
1669507200000,6370.0,6543.0,6218.0,6233.0,3572.404,1669593599999,22957603.0460,99317,1758.027,11303669.6690,0
1669593600000,6235.0,6343.0,5980.0,6271.0,4819.835,1669679999999,29862904.6350,127191,2331.323,14449037.1530,0
1669680000000,6272.0,6519.0,6201.0,6456.0,3667.939,1669766399999,23510748.0280,101151,1878.188,12038341.2010,0
1669766400000,6456.0,6982.0,6450.0,6754.0,9203.273,1669852799999,61816983.8310,193942,4716.044,31712578.7250,0
1669852800000,6754.0,6768.0,6540.0,6693.0,4111.851,1669939199999,27282303.6320,111462,1998.622,13262493.3820,0
1669939200000,6693.0,6858.0,6460.0,6802.0,5355.656,1670025599999,35569321.5250,142271,2732.526,18155553.4650,0
1670025600000,6802.0,6892.0,6588.0,6627.0,4360.384,1670111999999,29434431.3510,118159,2119.522,14316737.8060,0
1670112000000,6627.0,7459.0,6626.0,7315.0,14168.954,1670198399999,100999075.6080,295602,7237.167,51594682.2800,0
1670198400000,7317.0,7499.0,7018.0,7151.0,13053.088,1670284799999,95090606.5130,279315,6541.634,47660227.0020,0
1670284800000,7151.0,7326.0,7054.0,7157.0,6637.130,1670371199999,47748081.8940,168614,3296.460,23718687.8510,0
1670371200000,7157.0,7196.0,6706.0,6978.0,6650.630,1670457599999,46343484.4060,158600,3278.998,22859496.8910,0
1670457600000,6977.0,7067.0,6858.0,7000.0,4743.862,1670543999999,33053297.3190,117662,2347.213,16357765.9150,0
1670544000000,7000.0,7149.0,6864.0,6918.0,4348.595,1670630399999,30426546.1250,109043,2223.866,15564384.8180,0
1670630400000,6918.0,6989.0,6841.0,6859.0,2198.800,1670716799999,15225507.7480,64478,1059.591,7336859.7570,0
1670716800000,6857.0,7080.0,6853.0,6896.0,4510.946,1670803199999,31479692.6900,109872,2131.063,14870134.5570,0
1670803200000,6894.0,6925.0,6508.0,6579.0,5193.669,1670889599999,34672776.4110,129004,2474.294,16516367.5520,0
1670889600000,6580.0,6648.0,6231.0,6486.0,7559.923,1670975999999,48760143.7870,162137,3692.200,23818522.5930,0
1670976000000,6486.0,6608.0,6313.0,6447.0,4508.554,1671062399999,29340914.8580,110938,2115.787,13770308.6530,0
1671062400000,6446.0,6485.0,6142.0,6251.0,3060.158,1671148799999,19347808.6640,80537,1487.704,9405371.0910,0
1671148800000,6251.0,6312.0,5355.0,5465.0,5822.312,1671235199999,34152137.6990,139815,2745.656,16111618.4650,0
1671235200000,5463.0,5777.0,5451.0,5709.0,4428.261,1671321599999,24962348.5450,105658,2243.445,12644439.5880,0
1671321600000,5709.0,5763.0,5472.0,5531.0,3575.667,1671407999999,20081152.2970,75110,1809.406,10164672.1270,0
1671408000000,5530.0,5700.0,5350.0,5427.0,4543.338,1671494399999,25283210.4780,106809,2186.591,12168462.8320,0
1671494400000,5427.0,5676.0,5395.0,5641.0,4266.771,1671580799999,23831199.9640,91169,2162.869,12083979.1200,0
1671580800000,5640.0,5653.0,5472.0,5559.0,2850.450,1671667199999,15836036.1580,64832,1421.583,7898246.6240,0
1671667200000,5560.0,5667.0,5461.0,5603.0,3012.680,1671753599999,16802395.6780,70126,1491.497,8319653.8140,0
1671753600000,5603.0,5634.0,5477.0,5497.0,2523.849,1671839999999,13996236.9060,60975,1234.472,6846469.2590,0
1671840000000,5497.0,5523.0,5430.0,5488.0,1967.501,1671926399999,10772566.4660,47600,960.973,5261883.0110,0
1671926400000,5488.0,5544.0,5398.0,5517.0,2490.641,1672012799999,13624246.6580,56567,1211.409,6626681.7060,0
1672012800000,5518.0,5535.0,5456.0,5532.0,1801.504,1672099199999,9899708.1920,49814,880.874,4840980.9140,0
1672099200000,5533.0,5564.0,5466.0,5505.0,2692.572,1672185599999,14846295.4270,63828,1302.190,7179884.2230,0
1672185600000,5506.0,5529.0,5144.0,5230.0,4140.194,1672271999999,21943091.6150,100745,1941.958,10285553.3290,0
1672272000000,5230.0,5263.0,5065.0,5163.0,2734.358,1672358399999,14181581.2410,74939,1321.451,6853106.9300,0
1672358400000,5164.0,5199.0,5013.0,5132.0,2772.657,1672444799999,14184497.7930,68708,1303.546,6669808.4190,0
1672444800000,5130.0,5154.0,5042.0,5088.0,2266.964,1672531199999,11537948.9040,52609,1155.644,5882517.5660,0
1672531200000,5087.0,5148.0,5026.0,5135.0,1522.156,1672617599999,7748758.6010,41287,752.019,3828630.5590,0
1672617600000,5135.0,5413.0,5057.0,5375.0,3432.208,1672703999999,18001643.5010,78514,1712.656,8985564.1510,0
1672704000000,5375.0,5512.0,5282.0,5327.0,5293.659,1672790399999,28539095.7740,107113,2604.460,14045535.4080,0
1672790400000,5326.0,5497.0,5300.0,5371.0,4675.928,1672876799999,25324169.2820,99109,2354.073,12751631.3860,0
1672876800000,5369.0,5476.0,5313.0,5396.0,3446.232,1672963199999,18580330.3490,79967,1703.706,9186351.4680,0
1672963200000,5395.0,5488.0,5286.0,5429.0,3705.049,1673049599999,19882474.4720,88220,1848.903,9922830.5100,0
1673049600000,5429.0,5569.0,5422.0,5471.0,2661.499,1673135999999,14662554.7520,62738,1340.668,7387925.1080,0
1673136000000,5471.0,5724.0,5390.0,5714.0,3988.785,1673222399999,22113127.3220,90917,1994.511,11060754.0140,0
1673222400000,5714.0,5973.0,5658.0,5730.0,6300.529,1673308799999,36680810.8840,137938,3030.862,17647064.3870,0
1673308800000,5731.0,5890.0,5628.0,5869.0,4541.673,1673395199999,26162341.2060,103173,2206.468,12713525.2570,0
1673395200000,5870.0,5939.0,5664.0,5929.0,4157.497,1673481599999,24121790.4150,100214,2037.246,11820077.8280,0
1673481600000,5929.0,6353.0,5928.0,6226.0,7123.388,1673567999999,43450981.5030,154761,3475.452,21215707.7490,0
1673568000000,6226.0,6672.0,6121.0,6537.0,4812.591,1673654399999,30480355.9280,112264,2414.815,15294549.1450,0
1673654400000,6538.0,7672.0,6523.0,7154.0,10844.182,1673740799999,77226576.5150,276316,5238.667,37296542.1890,0
1673740800000,7153.0,7197.0,6715.0,7100.0,5729.931,1673827199999,39872796.4340,158241,2788.875,19410014.6590,0
1673827200000,7099.0,7508.0,6855.0,7138.0,6035.811,1673913599999,43120281.1260,170544,2922.295,20885703.5130,0
1673913600000,7137.0,7252.0,6970.0,7055.0,3702.343,1673999999999,26433428.7740,110731,1777.437,12693858.5570,0
1674000000000,7057.0,7320.0,6461.0,6555.0,6595.697,1674086399999,45547996.7460,189729,3158.945,21824186.0560,0
1674086400000,6556.0,6739.0,6469.0,6654.0,2929.342,1674172799999,19394641.9850,99476,1463.032,9687525.3300,0
1674172800000,6654.0,7248.0,6612.0,7185.0,3850.579,1674259199999,26504499.0760,124634,1948.749,13419455.8080,0
1674259200000,7185.0,7416.0,7000.0,7046.0,4718.072,1674345599999,34101991.1220,147653,2271.013,16416492.3550,0
1674345600000,7047.0,7365.0,6957.0,7173.0,3945.970,1674431999999,28331282.8510,124537,1923.311,13813963.4470,0
1674432000000,7169.0,8012.0,7168.0,7787.0,11202.926,1674518399999,85548342.7270,300871,5544.500,42335785.0160,0
1674518400000,7787.0,8063.0,7287.0,7365.0,6055.759,1674604799999,46950466.9520,193787,2833.918,21980492.6040,0
1674604800000,7366.0,7750.0,7185.0,7596.0,6754.817,1674691199999,50054249.9490,201639,3320.662,24600903.4330,0
1674691200000,7599.0,7703.0,7326.0,7543.0,4266.781,1674777599999,32253863.8640,142406,2060.915,15584215.5030,0
1674777600000,7541.0,7759.0,7290.0,7670.0,3150.556,1674863999999,23789056.3430,110374,1514.402,11434580.3420,0
1674864000000,7670.0,7744.0,7370.0,7439.0,2651.258,1674950399999,20118382.4960,95936,1243.644,9441591.8150,0
1674950400000,7439.0,7809.0,7368.0,7797.0,3002.547,1675036799999,22889410.2710,102064,1493.450,11387202.7680,0
1675036800000,7796.0,7843.0,6889.0,7195.0,4385.956,1675123199999,32431504.8440,145308,2055.546,15212078.4410,0
1675123200000,7195.0,7363.0,7115.0,7230.0,3038.133,1675209599999,21967115.4130,104822,1458.832,10551275.4350,0
1675209600000,7230.0,7573.0,7000.0,7486.0,3933.102,1675295999999,28544885.8990,146901,1917.676,13917214.2440,0
